Gene	Datasets	Intersected	Size	Assay	Type	Weight
COL1A2	16_Human;17_Human;18_Human;19_Human	4	8	In vitro	EVs	0.0476159636832204
LAMA4	14_Human;18_Human;19_Human	3	8	In vitro	EVs	0.0149883227901432
HSPA1B	15_Human;16_Human;18_Human	3	8	In vitro	EVs	0.0667542184017829
HSPA1A	15_Human;16_Human	2	8	In vitro	EVs	0.0638888888888889
SDF4	12_Human;18_Human	2	8	In vitro	EVs	0.00794147164487368
FLNA	12_Human;15_Human;16_Human;18_Human	4	8	In vitro	EVs	0.0718303605337626
ANXA6	18_Human;19_Human	2	8	In vitro	EVs	0.00900029883804736
COL6A3	14_Human;18_Human;19_Human	3	8	In vitro	EVs	0.0149883227901432
LTBP2	14_Human;16_Human;17_Human;18_Human	4	8	In vitro	EVs	0.0474690183101628
ACTN1	18_Human;19_Human	2	8	In vitro	EVs	0.00900029883804736
LAMB1	14_Human;18_Human;19_Human	3	8	In vitro	EVs	0.0149883227901432
CCN1	15_Human;16_Human;18_Human	3	8	In vitro	EVs	0.0667542184017829
PRSS23	17_Human;18_Human	2	8	In vitro	EVs	0.0192587721358448
TIMP1	17_Human;18_Human	2	8	In vitro	EVs	0.0192587721358448
COL1A1	13_Human;14_Human;16_Human;19_Human	4	8	In vitro	EVs	0.0968452154994714
COL3A1	14_Human;16_Human;19_Human	3	8	In vitro	EVs	0.0343452154994714
APOE	12_Human;18_Human;19_Human	3	8	In vitro	EVs	0.0140764409700271
OAT	12_Human;14_Human	2	8	In vitro	EVs	0.0110641660840755
APP	17_Human;18_Human;19_Human	3	8	In vitro	EVs	0.0253937414609982
COL5A2	14_Human;16_Human;18_Human;19_Human	4	8	In vitro	EVs	0.0372105450123654
ANXA2	18_Human;19_Human	2	8	In vitro	EVs	0.00900029883804736
MMP2	12_Human;15_Human;16_Human;17_Human;18_Human;19_Human	6	8	In vitro	EVs	0.0943587724818668
COL6A1	14_Human;16_Human;18_Human;19_Human	4	8	In vitro	EVs	0.0372105450123654
COL6A2	14_Human;16_Human;18_Human;19_Human	4	8	In vitro	EVs	0.0372105450123654
VCAN	17_Human;18_Human	2	8	In vitro	EVs	0.0192587721358448
EEF2	18_Human;19_Human	2	8	In vitro	EVs	0.00900029883804736
ANPEP	18_Human;19_Human	2	8	In vitro	EVs	0.00900029883804736
EZR	14_Human;18_Human	2	8	In vitro	EVs	0.00885335346498979
RDX	14_Human;18_Human	2	8	In vitro	EVs	0.00885335346498979
CD44	15_Human;18_Human;19_Human	3	8	In vitro	EVs	0.050666965504714
COL5A1	18_Human;19_Human	2	8	In vitro	EVs	0.00900029883804736
PPIB	14_Human;18_Human	2	8	In vitro	EVs	0.00885335346498979
PTX3	12_Human;14_Human;15_Human;17_Human;18_Human	5	8	In vitro	EVs	0.071989604886587
LOX	17_Human;18_Human	2	8	In vitro	EVs	0.0192587721358448
FBN1	15_Human;16_Human;17_Human;18_Human;19_Human	5	8	In vitro	EVs	0.0892826303498871
CXCL12	18_Human;19_Human	2	8	In vitro	EVs	0.00900029883804736
B2M	12_Human;18_Human	2	8	In vitro	EVs	0.00794147164487368
TUBA4A	12_Human;17_Human;18_Human;19_Human	4	8	In vitro	EVs	0.0304698835929779
SRPX	18_Human;19_Human	2	8	In vitro	EVs	0.00900029883804736
HSPG2	14_Human;16_Human;18_Human;19_Human	4	8	In vitro	EVs	0.0372105450123654
MFGE8	16_Human;18_Human;19_Human	3	8	In vitro	EVs	0.0312225210602696
ADAM9	14_Human;18_Human	2	8	In vitro	EVs	0.00885335346498979
GAS6	18_Human;19_Human	2	8	In vitro	EVs	0.00900029883804736
LTBP1	14_Human;17_Human;18_Human	3	8	In vitro	EVs	0.0252467960879406
PCOLCE	15_Human;16_Human;17_Human;19_Human	4	8	In vitro	EVs	0.0864173008369931
AEBP1	12_Human;14_Human;18_Human	3	8	In vitro	EVs	0.0139294955969695
PLD3	12_Human;14_Human	2	8	In vitro	EVs	0.0110641660840755
SUCLG2	12_Human;14_Human	2	8	In vitro	EVs	0.0110641660840755
MXRA8	12_Human;14_Human;18_Human	3	8	In vitro	EVs	0.0139294955969695
CD248	13_Human;18_Human	2	8	In vitro	EVs	0.065365329512894
EMILIN1	12_Human;13_Human;15_Human;18_Human;19_Human	5	8	In vitro	EVs	0.118243107636694
FTL	12_Human;19_Human	2	8	In vitro	EVs	0.0112111114571331
GAPDH	15_Human;16_Human;18_Human	3	8	In vitro	EVs	0.0667542184017829
ATP5F1B	14_Human;18_Human	2	8	In vitro	EVs	0.00885335346498979
S100A6	18_Human;19_Human	2	8	In vitro	EVs	0.00900029883804736
PKM	18_Human;19_Human	2	8	In vitro	EVs	0.00900029883804736
HSP90B1	18_Human;19_Human	2	8	In vitro	EVs	0.00900029883804736
DSP	12_Human;18_Human	2	8	In vitro	EVs	0.00794147164487368
ATP5F1A	14_Human;18_Human	2	8	In vitro	EVs	0.00885335346498979
GANAB	18_Human;19_Human	2	8	In vitro	EVs	0.00900029883804736
CTSD	14_Human;18_Human;19_Human	3	8	In vitro	EVs	0.0149883227901432
THBS2	12_Human;15_Human;16_Human;18_Human	4	8	In vitro	EVs	0.0718303605337626
SERPINE2	15_Human;18_Human;19_Human	3	8	In vitro	EVs	0.050666965504714
CCN2	15_Human;16_Human;18_Human;19_Human	4	8	In vitro	EVs	0.0728891877269362
IGFBP7	15_Human;16_Human;17_Human;18_Human	4	8	In vitro	EVs	0.0831476610247337
CCDC80	14_Human;17_Human;18_Human	3	8	In vitro	EVs	0.0252467960879406
CD81	12_Human;14_Human;19_Human	3	8	In vitro	EVs	0.0171991354092289
ANXA1	18_Human;19_Human	2	8	In vitro	EVs	0.00900029883804736
HSP90AA1	18_Human;19_Human	2	8	In vitro	EVs	0.00900029883804736
ANXA5	16_Human;18_Human;19_Human	3	8	In vitro	EVs	0.0312225210602696
MYH9	18_Human;19_Human	2	8	In vitro	EVs	0.00900029883804736
ACADVL	12_Human;14_Human	2	8	In vitro	EVs	0.0110641660840755
LAMB2	12_Human;14_Human;18_Human	3	8	In vitro	EVs	0.0139294955969695
YWHAE	18_Human;19_Human	2	8	In vitro	EVs	0.00900029883804736
MVP	16_Human;18_Human	2	8	In vitro	EVs	0.0250875517351162
PLEC	18_Human;19_Human	2	8	In vitro	EVs	0.00900029883804736
VASN	13_Human;18_Human	2	8	In vitro	EVs	0.065365329512894
TPM3	18_Human;19_Human	2	8	In vitro	EVs	0.00900029883804736
TPM4	18_Human;19_Human	2	8	In vitro	EVs	0.00900029883804736
POSTN	15_Human;16_Human;18_Human	3	8	In vitro	EVs	0.0667542184017829
COL12A1	14_Human;16_Human;19_Human	3	8	In vitro	EVs	0.0343452154994714
EFEMP2	17_Human;18_Human	2	8	In vitro	EVs	0.0192587721358448
COL4A1	13_Human;18_Human	2	8	In vitro	EVs	0.065365329512894
KRT18	12_Human;14_Human	2	8	In vitro	EVs	0.0110641660840755
ENO1	18_Human;19_Human	2	8	In vitro	EVs	0.00900029883804736
DCN	13_Human;18_Human;19_Human	3	8	In vitro	EVs	0.0715002988380474
HAPLN1	13_Human;18_Human	2	8	In vitro	EVs	0.065365329512894
COL11A1	14_Human;16_Human;18_Human	3	8	In vitro	EVs	0.031075575687212
IGFBP2	13_Human;19_Human	2	8	In vitro	EVs	0.0686349693251534
MSN	16_Human;18_Human	2	8	In vitro	EVs	0.0250875517351162
LGALS3BP	14_Human;19_Human	2	8	In vitro	EVs	0.0121229932772492
EFEMP1	13_Human;18_Human	2	8	In vitro	EVs	0.065365329512894
TGFBI	15_Human;17_Human;18_Human;19_Human	4	8	In vitro	EVs	0.0670604081276648
FSCN1	18_Human;19_Human	2	8	In vitro	EVs	0.00900029883804736
CEMIP	14_Human;15_Human;16_Human;18_Human	4	8	In vitro	EVs	0.0727422423538787
PXDN	14_Human;17_Human;18_Human;19_Human	4	8	In vitro	EVs	0.031381765413094
HTRA1	15_Human;16_Human;18_Human	3	8	In vitro	EVs	0.0667542184017829
RCN3	14_Human;19_Human	2	8	In vitro	EVs	0.0121229932772492
SEMA3C	14_Human;16_Human	2	8	In vitro	EVs	0.028210246174318
POTEE	12_Human;18_Human	2	8	In vitro	EVs	0.00794147164487368
VIM	18_Human;19_Human	2	8	In vitro	EVs	0.00900029883804736
TUBA1C	15_Human;16_Human;18_Human	3	8	In vitro	EVs	0.0667542184017829
LDHB	18_Human;19_Human	2	8	In vitro	EVs	0.00900029883804736
EEF1A1P5	18_Human;19_Human	2	8	In vitro	EVs	0.00900029883804736
VCP	18_Human;19_Human	2	8	In vitro	EVs	0.00900029883804736
PFN1	18_Human;19_Human	2	8	In vitro	EVs	0.00900029883804736
YWHAZ	15_Human;18_Human	2	8	In vitro	EVs	0.0445319961795606
LDHA	16_Human;18_Human	2	8	In vitro	EVs	0.0250875517351162
CDH11	12_Human;18_Human	2	8	In vitro	EVs	0.00794147164487368
MMP3	17_Human;18_Human	2	8	In vitro	EVs	0.0192587721358448
WNT5A	12_Human;19_Human	2	8	In vitro	EVs	0.0112111114571331
COL7A1	17_Human;18_Human;19_Human	3	8	In vitro	EVs	0.0253937414609982
CXCL1	17_Human;19_Human	2	8	In vitro	EVs	0.0225284119481042
MMP1	17_Human;18_Human	2	8	In vitro	EVs	0.0192587721358448
CXCL6	17_Human;19_Human	2	8	In vitro	EVs	0.0225284119481042
CLEC11A	17_Human;18_Human	2	8	In vitro	EVs	0.0192587721358448
COL18A1	12_Human;14_Human;17_Human	3	8	In vitro	EVs	0.0274576087070263
CLU	14_Human;18_Human	2	8	In vitro	EVs	0.00885335346498979
ANGPTL4	14_Human;16_Human	2	8	In vitro	EVs	0.028210246174318
CLIC1	15_Human;18_Human	2	8	In vitro	EVs	0.0445319961795606
C1R	13_Human;18_Human	2	8	In vitro	EVs	0.065365329512894
CFH	13_Human;17_Human;18_Human	3	8	In vitro	EVs	0.0817587721358448
DCD	12_Human;18_Human	2	8	In vitro	EVs	0.00794147164487368
ACAN	18_Human;19_Human	2	8	In vitro	EVs	0.00900029883804736
NID2	14_Human;17_Human;18_Human;19_Human	4	8	In vitro	EVs	0.031381765413094
OLFML3	17_Human;18_Human	2	8	In vitro	EVs	0.0192587721358448
ITGA3	14_Human;16_Human	2	8	In vitro	EVs	0.028210246174318
STC2	17_Human;18_Human;19_Human	3	8	In vitro	EVs	0.0253937414609982
SPOCK1	12_Human;17_Human;18_Human	3	8	In vitro	EVs	0.0243349142678245
THBS1	13_Human;17_Human;18_Human;19_Human	4	8	In vitro	EVs	0.0878937414609982
LRP1	13_Human;15_Human;18_Human	3	8	In vitro	EVs	0.107031996179561
LGALS1	16_Human;18_Human;19_Human	3	8	In vitro	EVs	0.0312225210602696
TPI1	18_Human;19_Human	2	8	In vitro	EVs	0.00900029883804736
ABI3BP	12_Human;16_Human;18_Human;19_Human	4	8	In vitro	EVs	0.0362986631922493
EGFR	12_Human;14_Human	2	8	In vitro	EVs	0.0110641660840755
LAMC1	12_Human;14_Human;18_Human;19_Human	4	8	In vitro	EVs	0.0200644649221229
LAMA1	12_Human;18_Human;19_Human	3	8	In vitro	EVs	0.0140764409700271
EXT2	12_Human;17_Human	2	8	In vitro	EVs	0.0214695847549305
TEP1	12_Human;14_Human	2	8	In vitro	EVs	0.0110641660840755
LOXL2	13_Human;14_Human;18_Human	3	8	In vitro	EVs	0.0713533534649898
QSOX1	14_Human;17_Human;18_Human	3	8	In vitro	EVs	0.0252467960879406
AGRN	14_Human;17_Human	2	8	In vitro	EVs	0.0223814665750466
FN1	14_Human;16_Human;18_Human;19_Human	4	8	In vitro	EVs	0.0372105450123654
PTPRF	14_Human;17_Human	2	8	In vitro	EVs	0.0223814665750466
BMP1	14_Human;18_Human	2	8	In vitro	EVs	0.00885335346498979
NID1	14_Human;17_Human;18_Human	3	8	In vitro	EVs	0.0252467960879406
LAMA2	14_Human;19_Human	2	8	In vitro	EVs	0.0121229932772492
CHI3L1	14_Human;18_Human;19_Human	3	8	In vitro	EVs	0.0149883227901432
GALNT1	14_Human;18_Human	2	8	In vitro	EVs	0.00885335346498979
PTK7	14_Human;18_Human	2	8	In vitro	EVs	0.00885335346498979
DAG1	14_Human;18_Human	2	8	In vitro	EVs	0.00885335346498979
TXNDC5	14_Human;18_Human	2	8	In vitro	EVs	0.00885335346498979
CTSZ	14_Human;18_Human	2	8	In vitro	EVs	0.00885335346498979
COL14A1	16_Human;18_Human	2	8	In vitro	EVs	0.0250875517351162
BGN	17_Human;18_Human	2	8	In vitro	EVs	0.0192587721358448
NEO1	17_Human;19_Human	2	8	In vitro	EVs	0.0225284119481042
PAPPA	17_Human;19_Human	2	8	In vitro	EVs	0.0225284119481042
MAPRE2	17_Human;19_Human	2	8	In vitro	EVs	0.0225284119481042
IL6	17_Human;18_Human	2	8	In vitro	EVs	0.0192587721358448
COMP	18_Human;19_Human	2	8	In vitro	EVs	0.00900029883804736
LUM	18_Human;19_Human	2	8	In vitro	EVs	0.00900029883804736
C1S	18_Human;19_Human	2	8	In vitro	EVs	0.00900029883804736
SRPX2	18_Human;19_Human	2	8	In vitro	EVs	0.00900029883804736
ANGPT1	18_Human;19_Human	2	8	In vitro	EVs	0.00900029883804736
HDLBP	1_Human;7_Human;8_Human	3	11	In vitro	Cells	0.00636221121809493
COL1A2	1_Human;2_Human;5_Human	3	11	In vitro	Cells	0.011269719137296
HNRNPDL	1_Human;7_Human;8_Human	3	11	In vitro	Cells	0.00636221121809493
ITSN2	1_Human;8_Human	2	11	In vitro	Cells	0.00273902281229783
SELENOF	1_Human;11_Human	2	11	In vitro	Cells	0.00533703887276074
FGF2	1_Human;3_Human;5_Human	3	11	In vitro	Cells	0.0168959873534922
MBNL1	1_Human;8_Human	2	11	In vitro	Cells	0.00273902281229783
MBNL3	1_Human;8_Human	2	11	In vitro	Cells	0.00273902281229783
PCMT1	1_Human;4_Human	2	11	In vitro	Cells	0.00417134813322485
F5	1_Human;10_Human	2	11	In vitro	Cells	0.00251478928326978
NCEH1	1_Human;6_Human	2	11	In vitro	Cells	0.00643209945057994
H2AZ2	1_Human;11_Human	2	11	In vitro	Cells	0.00533703887276074
ARSA	1_Human;2_Human;10_Human	3	11	In vitro	Cells	0.00970903388758632
RPSA	1_Human;2_Human;7_Human;11_Human	4	11	In vitro	Cells	0.0161544718828744
CAPNS2	1_Human;3_Human;4_Human	3	11	In vitro	Cells	0.0169918609537377
CAPNS1	1_Human;3_Human;4_Human;10_Human	4	11	In vitro	Cells	0.0184799561918329
HSPA1B	1_Human;7_Human	2	11	In vitro	Cells	0.00464988245097164
HSPA1A	1_Human;7_Human;11_Human	3	11	In vitro	Cells	0.00896022727855785
RBMX	1_Human;5_Human;10_Human;11_Human	4	11	In vitro	Cells	0.00987391459866086
RPS20	1_Human;11_Human	2	11	In vitro	Cells	0.00533703887276074
RPL37A	1_Human;10_Human	2	11	In vitro	Cells	0.00251478928326978
RPS4X	1_Human;5_Human;10_Human	3	11	In vitro	Cells	0.00556356977107465
PXN	1_Human;5_Human	2	11	In vitro	Cells	0.00407547453297942
TJP2	1_Human;10_Human	2	11	In vitro	Cells	0.00251478928326978
DPYSL2	1_Human;4_Human;7_Human	3	11	In vitro	Cells	0.00779453653902195
TCEA1	1_Human;3_Human	2	11	In vitro	Cells	0.0138472068656874
PHGDH	1_Human;11_Human	2	11	In vitro	Cells	0.00533703887276074
PPT1	1_Human;10_Human	2	11	In vitro	Cells	0.00251478928326978
RPS14	1_Human;11_Human	2	11	In vitro	Cells	0.00533703887276074
DDX3X	1_Human;7_Human	2	11	In vitro	Cells	0.00464988245097164
RPL29	1_Human;5_Human;10_Human	3	11	In vitro	Cells	0.00556356977107465
ARID1B	1_Human;8_Human	2	11	In vitro	Cells	0.00273902281229783
ARHGEF2	1_Human;5_Human	2	11	In vitro	Cells	0.00407547453297942
SH3PXD2B	1_Human;5_Human	2	11	In vitro	Cells	0.00407547453297942
TUBAL3	1_Human;8_Human	2	11	In vitro	Cells	0.00273902281229783
IGFBP3	1_Human;10_Human	2	11	In vitro	Cells	0.00251478928326978
ARMC1	1_Human;10_Human	2	11	In vitro	Cells	0.00251478928326978
RPL34	1_Human;3_Human;5_Human;10_Human;11_Human	5	11	In vitro	Cells	0.0226944274191737
CNN2	1_Human;2_Human;5_Human;8_Human	4	11	In vitro	Cells	0.0129820479044193
EIF1AX	1_Human;6_Human;10_Human	3	11	In vitro	Cells	0.00792019468867518
PES1	1_Human;4_Human	2	11	In vitro	Cells	0.00417134813322485
FLNA	1_Human;2_Human;11_Human	3	11	In vitro	Cells	0.0125312834770773
SRI	1_Human;11_Human	2	11	In vitro	Cells	0.00533703887276074
AARSD1	1_Human;10_Human	2	11	In vitro	Cells	0.00251478928326978
RPL32	1_Human;10_Human;11_Human	3	11	In vitro	Cells	0.00682513411085598
H3C14	1_Human;11_Human	2	11	In vitro	Cells	0.00533703887276074
H3C13	1_Human;11_Human	2	11	In vitro	Cells	0.00533703887276074
H3C15	1_Human;11_Human	2	11	In vitro	Cells	0.00533703887276074
RPL35A	1_Human;5_Human;10_Human	3	11	In vitro	Cells	0.00556356977107465
HNRNPAB	1_Human;2_Human	2	11	In vitro	Cells	0.00822093864949108
TBCA	1_Human;11_Human	2	11	In vitro	Cells	0.00533703887276074
ANXA6	1_Human;4_Human;10_Human	3	11	In vitro	Cells	0.00565944337132009
NPC2	1_Human;3_Human;5_Human;10_Human	4	11	In vitro	Cells	0.0183840825915875
ACSL1	1_Human;5_Human;10_Human	3	11	In vitro	Cells	0.00556356977107465
NDUFV2	1_Human;8_Human;10_Human	3	11	In vitro	Cells	0.00422711805039306
NAA50	1_Human;10_Human	2	11	In vitro	Cells	0.00251478928326978
EIF4B	1_Human;11_Human	2	11	In vitro	Cells	0.00533703887276074
HSPA8	1_Human;4_Human;7_Human;11_Human	4	11	In vitro	Cells	0.0121048813666082
NDUFS8	1_Human;4_Human	2	11	In vitro	Cells	0.00417134813322485
RAB6A	1_Human;8_Human;10_Human	3	11	In vitro	Cells	0.00422711805039306
SLC3A2	1_Human;7_Human	2	11	In vitro	Cells	0.00464988245097164
GRSF1	1_Human;7_Human	2	11	In vitro	Cells	0.00464988245097164
AK2	1_Human;2_Human;7_Human;11_Human	4	11	In vitro	Cells	0.0161544718828744
IGF2BP2	1_Human;5_Human;8_Human;10_Human	4	11	In vitro	Cells	0.00727589853819794
LTBP2	1_Human;3_Human;5_Human	3	11	In vitro	Cells	0.0168959873534922
ACTN1	1_Human;2_Human;7_Human	3	11	In vitro	Cells	0.0118441270552882
LAMB1	1_Human;6_Human;8_Human	3	11	In vitro	Cells	0.00814442821770323
HNRNPH1	1_Human;7_Human	2	11	In vitro	Cells	0.00464988245097164
COX7A2	1_Human;10_Human	2	11	In vitro	Cells	0.00251478928326978
DNPH1	1_Human;10_Human	2	11	In vitro	Cells	0.00251478928326978
RPS3A	1_Human;4_Human;10_Human;11_Human	4	11	In vitro	Cells	0.0099697881989063
HNRNPD	1_Human;2_Human;4_Human;7_Human	4	11	In vitro	Cells	0.0149887811433385
HADHA	1_Human;8_Human	2	11	In vitro	Cells	0.00273902281229783
RPS17	1_Human;4_Human	2	11	In vitro	Cells	0.00417134813322485
TPM1	1_Human;2_Human;8_Human;10_Human;11_Human	5	11	In vitro	Cells	0.0157317074822958
STAT1	1_Human;4_Human;5_Human;8_Human	4	11	In vitro	Cells	0.00893245738815302
APOL2	1_Human;3_Human	2	11	In vitro	Cells	0.0138472068656874
RPS15	1_Human;10_Human	2	11	In vitro	Cells	0.00251478928326978
RPS5	1_Human;2_Human;8_Human;11_Human	4	11	In vitro	Cells	0.0142436122442006
PDLIM1	1_Human;2_Human;5_Human;11_Human	4	11	In vitro	Cells	0.0155800639648822
HIP1	1_Human;5_Human	2	11	In vitro	Cells	0.00407547453297942
HMGN4	1_Human;11_Human	2	11	In vitro	Cells	0.00533703887276074
PSMD14	1_Human;10_Human	2	11	In vitro	Cells	0.00251478928326978
CCN1	1_Human;3_Human;8_Human;11_Human	4	11	In vitro	Cells	0.0198698804603969
CDIPT	1_Human;4_Human	2	11	In vitro	Cells	0.00417134813322485
PDCD5	1_Human;10_Human	2	11	In vitro	Cells	0.00251478928326978
HAT1	1_Human;10_Human	2	11	In vitro	Cells	0.00251478928326978
PGRMC2	1_Human;11_Human	2	11	In vitro	Cells	0.00533703887276074
PPM1G	1_Human;10_Human	2	11	In vitro	Cells	0.00251478928326978
P4HA2	1_Human;2_Human	2	11	In vitro	Cells	0.00822093864949108
ARPC5	1_Human;2_Human	2	11	In vitro	Cells	0.00822093864949108
NDUFS4	1_Human;10_Human	2	11	In vitro	Cells	0.00251478928326978
TPD52L2	1_Human;4_Human	2	11	In vitro	Cells	0.00417134813322485
NRDC	1_Human;4_Human;10_Human	3	11	In vitro	Cells	0.00565944337132009
CALU	1_Human;7_Human;10_Human	3	11	In vitro	Cells	0.00613797768906688
GREM1	1_Human;10_Human	2	11	In vitro	Cells	0.00251478928326978
UGDH	1_Human;4_Human;7_Human	3	11	In vitro	Cells	0.00779453653902195
PQBP1	1_Human;10_Human;11_Human	3	11	In vitro	Cells	0.00682513411085598
HIP1R	1_Human;8_Human	2	11	In vitro	Cells	0.00273902281229783
NDUFB1	1_Human;6_Human	2	11	In vitro	Cells	0.00643209945057994
LYPLA1	1_Human;10_Human	2	11	In vitro	Cells	0.00251478928326978
CPD	1_Human;6_Human	2	11	In vitro	Cells	0.00643209945057994
SEC14L2	1_Human;5_Human;6_Human;10_Human	4	11	In vitro	Cells	0.0109689751764801
SORBS2	1_Human;5_Human	2	11	In vitro	Cells	0.00407547453297942
SORBS1	1_Human;5_Human	2	11	In vitro	Cells	0.00407547453297942
PLPBP	1_Human;5_Human;10_Human	3	11	In vitro	Cells	0.00556356977107465
FKBP9P1	1_Human;7_Human	2	11	In vitro	Cells	0.00464988245097164
FKBP9	1_Human;7_Human	2	11	In vitro	Cells	0.00464988245097164
SMC2	1_Human;8_Human;10_Human	3	11	In vitro	Cells	0.00422711805039306
H6PD	1_Human;4_Human	2	11	In vitro	Cells	0.00417134813322485
GNA14	1_Human;8_Human	2	11	In vitro	Cells	0.00273902281229783
CLPTM1	1_Human;4_Human;8_Human	3	11	In vitro	Cells	0.00588367690034814
CYB5A	1_Human;4_Human	2	11	In vitro	Cells	0.00417134813322485
ADH4	1_Human;5_Human	2	11	In vitro	Cells	0.00407547453297942
ADH1B	1_Human;5_Human	2	11	In vitro	Cells	0.00407547453297942
ADH1C	1_Human;5_Human	2	11	In vitro	Cells	0.00407547453297942
F2	1_Human;10_Human	2	11	In vitro	Cells	0.00251478928326978
TIMP1	1_Human;5_Human;10_Human	3	11	In vitro	Cells	0.00556356977107465
CST3	1_Human;10_Human	2	11	In vitro	Cells	0.00251478928326978
COL1A1	1_Human;8_Human;9_Human	3	11	In vitro	Cells	0.0860723561456311
COL3A1	1_Human;5_Human	2	11	In vitro	Cells	0.00407547453297942
APOE	1_Human;10_Human	2	11	In vitro	Cells	0.00251478928326978
TF	1_Human;10_Human	2	11	In vitro	Cells	0.00251478928326978
VTN	1_Human;10_Human	2	11	In vitro	Cells	0.00251478928326978
CSTB	1_Human;2_Human;4_Human	3	11	In vitro	Cells	0.0113655927375414
APOB	1_Human;7_Human;10_Human	3	11	In vitro	Cells	0.00613797768906688
SOD2	1_Human;8_Human;10_Human	3	11	In vitro	Cells	0.00422711805039306
OAT	1_Human;7_Human;8_Human	3	11	In vitro	Cells	0.00636221121809493
APP	1_Human;8_Human;10_Human	3	11	In vitro	Cells	0.00422711805039306
HMGN2	1_Human;11_Human	2	11	In vitro	Cells	0.00533703887276074
SSB	1_Human;2_Human;5_Human;10_Human	4	11	In vitro	Cells	0.0127578143753912
COL5A2	1_Human;2_Human;5_Human;7_Human	4	11	In vitro	Cells	0.0148929075430931
GSN	1_Human;4_Human;8_Human	3	11	In vitro	Cells	0.00588367690034814
DBI	1_Human;3_Human	2	11	In vitro	Cells	0.0138472068656874
ANXA2	1_Human;4_Human;8_Human;9_Human;10_Human;11_Human	6	11	In vitro	Cells	0.0950154502993629
ANXA2P2	1_Human;4_Human;8_Human	3	11	In vitro	Cells	0.00588367690034814
BPGM	1_Human;5_Human;6_Human	3	11	In vitro	Cells	0.00948087993838482
CTSB	1_Human;4_Human	2	11	In vitro	Cells	0.00417134813322485
GUSB	1_Human;5_Human	2	11	In vitro	Cells	0.00407547453297942
HSP90AB1	1_Human;7_Human;10_Human	3	11	In vitro	Cells	0.00613797768906688
ASNS	1_Human;10_Human	2	11	In vitro	Cells	0.00251478928326978
MMP2	1_Human;3_Human;5_Human;8_Human	4	11	In vitro	Cells	0.0186083161206155
COL4A2	1_Human;5_Human	2	11	In vitro	Cells	0.00407547453297942
SNRPA	1_Human;10_Human	2	11	In vitro	Cells	0.00251478928326978
SRP19	1_Human;6_Human;10_Human	3	11	In vitro	Cells	0.00792019468867518
SPARC	1_Human;10_Human;11_Human	3	11	In vitro	Cells	0.00682513411085598
ANXA4	1_Human;8_Human;10_Human	3	11	In vitro	Cells	0.00422711805039306
HNRNPA1	1_Human;7_Human;11_Human	3	11	In vitro	Cells	0.00896022727855785
C4A	1_Human;10_Human	2	11	In vitro	Cells	0.00251478928326978
TUBA3C	1_Human;4_Human	2	11	In vitro	Cells	0.00417134813322485
TUBA1A	1_Human;4_Human;7_Human	3	11	In vitro	Cells	0.00779453653902195
TUBA3E	1_Human;4_Human;7_Human	3	11	In vitro	Cells	0.00779453653902195
TUBA3D	1_Human;4_Human	2	11	In vitro	Cells	0.00417134813322485
COX5B	1_Human;11_Human	2	11	In vitro	Cells	0.00533703887276074
MGST1	1_Human;6_Human;8_Human	3	11	In vitro	Cells	0.00814442821770323
PYGB	1_Human;2_Human;4_Human;5_Human	4	11	In vitro	Cells	0.0144143732253463
LAMP1	1_Human;6_Human	2	11	In vitro	Cells	0.00643209945057994
PCNA	1_Human;7_Human	2	11	In vitro	Cells	0.00464988245097164
COL6A1	1_Human;8_Human	2	11	In vitro	Cells	0.00273902281229783
LAMP2	1_Human;2_Human	2	11	In vitro	Cells	0.00822093864949108
VCAN	1_Human;10_Human	2	11	In vitro	Cells	0.00251478928326978
EEF2	1_Human;4_Human;7_Human	3	11	In vitro	Cells	0.00779453653902195
P4HA1	1_Human;3_Human	2	11	In vitro	Cells	0.0138472068656874
TPT1	1_Human;2_Human	2	11	In vitro	Cells	0.00822093864949108
GYS1	1_Human;10_Human	2	11	In vitro	Cells	0.00251478928326978
MIF	1_Human;11_Human	2	11	In vitro	Cells	0.00533703887276074
CD99	1_Human;11_Human	2	11	In vitro	Cells	0.00533703887276074
AKR1A1	1_Human;4_Human	2	11	In vitro	Cells	0.00417134813322485
GLUL	1_Human;5_Human;8_Human;10_Human	4	11	In vitro	Cells	0.00727589853819794
ANPEP	1_Human;11_Human	2	11	In vitro	Cells	0.00533703887276074
NQO1	1_Human;2_Human;5_Human	3	11	In vitro	Cells	0.011269719137296
GNS	1_Human;11_Human	2	11	In vitro	Cells	0.00533703887276074
RPS2	1_Human;4_Human;7_Human;11_Human	4	11	In vitro	Cells	0.0121048813666082
CD44	1_Human;4_Human;5_Human;11_Human	4	11	In vitro	Cells	0.0115304734486159
H1-3	1_Human;10_Human	2	11	In vitro	Cells	0.00251478928326978
ENG	1_Human;5_Human	2	11	In vitro	Cells	0.00407547453297942
LGALS3	1_Human;3_Human;11_Human	3	11	In vitro	Cells	0.0181575516932736
VCL	1_Human;2_Human;4_Human;5_Human	4	11	In vitro	Cells	0.0144143732253463
NCL	1_Human;7_Human;10_Human	3	11	In vitro	Cells	0.00613797768906688
TYMP	1_Human;5_Human	2	11	In vitro	Cells	0.00407547453297942
ANXA7	1_Human;4_Human;9_Human;10_Human	4	11	In vitro	Cells	0.0889927767046534
RAB3B	1_Human;4_Human;10_Human	3	11	In vitro	Cells	0.00565944337132009
COL5A1	1_Human;3_Human;5_Human	3	11	In vitro	Cells	0.0168959873534922
MAOA	1_Human;6_Human	2	11	In vitro	Cells	0.00643209945057994
SDHB	1_Human;8_Human	2	11	In vitro	Cells	0.00273902281229783
HNRNPA2B1	1_Human;2_Human	2	11	In vitro	Cells	0.00822093864949108
FBLN1	1_Human;5_Human;8_Human;10_Human	4	11	In vitro	Cells	0.00727589853819794
PPIB	1_Human;10_Human	2	11	In vitro	Cells	0.00251478928326978
WARS1	1_Human;5_Human	2	11	In vitro	Cells	0.00407547453297942
CFL1	1_Human;7_Human	2	11	In vitro	Cells	0.00464988245097164
MPST	1_Human;8_Human	2	11	In vitro	Cells	0.00273902281229783
PTX3	1_Human;5_Human;8_Human;10_Human	4	11	In vitro	Cells	0.00727589853819794
DDX6	1_Human;8_Human	2	11	In vitro	Cells	0.00273902281229783
STOM	1_Human;4_Human;10_Human	3	11	In vitro	Cells	0.00565944337132009
COL8A1	1_Human;3_Human;5_Human;10_Human	4	11	In vitro	Cells	0.0183840825915875
CD82	1_Human;8_Human	2	11	In vitro	Cells	0.00273902281229783
LOX	1_Human;5_Human	2	11	In vitro	Cells	0.00407547453297942
CRABP2	1_Human;8_Human	2	11	In vitro	Cells	0.00273902281229783
MARCKS	1_Human;8_Human	2	11	In vitro	Cells	0.00273902281229783
PRDX6	1_Human;7_Human	2	11	In vitro	Cells	0.00464988245097164
PRDX5	1_Human;4_Human;7_Human	3	11	In vitro	Cells	0.00779453653902195
DDT	1_Human;10_Human	2	11	In vitro	Cells	0.00251478928326978
PRDX3	1_Human;4_Human;8_Human	3	11	In vitro	Cells	0.00588367690034814
PPP2R1B	1_Human;2_Human	2	11	In vitro	Cells	0.00822093864949108
PPP2R1A	1_Human;2_Human	2	11	In vitro	Cells	0.00822093864949108
AXL	1_Human;10_Human	2	11	In vitro	Cells	0.00251478928326978
DNAJA1	1_Human;10_Human	2	11	In vitro	Cells	0.00251478928326978
S100A11	1_Human;10_Human;11_Human	3	11	In vitro	Cells	0.00682513411085598
GPC1	1_Human;10_Human	2	11	In vitro	Cells	0.00251478928326978
PHB1	1_Human;3_Human;8_Human;11_Human	4	11	In vitro	Cells	0.0198698804603969
FBN1	1_Human;3_Human;5_Human	3	11	In vitro	Cells	0.0168959873534922
TIMP3	1_Human;3_Human;5_Human	3	11	In vitro	Cells	0.0168959873534922
FUS	1_Human;7_Human	2	11	In vitro	Cells	0.00464988245097164
RPL4	1_Human;3_Human;5_Human;10_Human;11_Human	5	11	In vitro	Cells	0.0226944274191737
PGM1	1_Human;2_Human;5_Human	3	11	In vitro	Cells	0.011269719137296
HPCAL1	1_Human;5_Human	2	11	In vitro	Cells	0.00407547453297942
NCALD	1_Human;5_Human	2	11	In vitro	Cells	0.00407547453297942
HSPA9	1_Human;7_Human;8_Human	3	11	In vitro	Cells	0.00636221121809493
RPS19	1_Human;11_Human	2	11	In vitro	Cells	0.00533703887276074
FEN1	1_Human;6_Human	2	11	In vitro	Cells	0.00643209945057994
NNMT	1_Human;5_Human	2	11	In vitro	Cells	0.00407547453297942
GARS1	1_Human;2_Human	2	11	In vitro	Cells	0.00822093864949108
STAT6	1_Human;4_Human	2	11	In vitro	Cells	0.00417134813322485
RPL35	1_Human;4_Human;10_Human	3	11	In vitro	Cells	0.00565944337132009
GPD2	1_Human;5_Human	2	11	In vitro	Cells	0.00407547453297942
PPIC	1_Human;10_Human	2	11	In vitro	Cells	0.00251478928326978
RANGAP1	1_Human;6_Human;10_Human	3	11	In vitro	Cells	0.00792019468867518
MAP2K3	1_Human;4_Human	2	11	In vitro	Cells	0.00417134813322485
RPL21	1_Human;10_Human	2	11	In vitro	Cells	0.00251478928326978
CXCL12	1_Human;8_Human	2	11	In vitro	Cells	0.00273902281229783
GCLM	1_Human;10_Human	2	11	In vitro	Cells	0.00251478928326978
HSPA13	1_Human;7_Human;8_Human	3	11	In vitro	Cells	0.00636221121809493
AARS1	1_Human;3_Human	2	11	In vitro	Cells	0.0138472068656874
HNMT	1_Human;5_Human	2	11	In vitro	Cells	0.00407547453297942
SERPINH1	1_Human;9_Human	2	11	In vitro	Cells	0.0843600273785079
RAB13	1_Human;4_Human;10_Human	3	11	In vitro	Cells	0.00565944337132009
SGSH	1_Human;8_Human	2	11	In vitro	Cells	0.00273902281229783
KPNA2	1_Human;10_Human	2	11	In vitro	Cells	0.00251478928326978
HMGA2	1_Human;3_Human	2	11	In vitro	Cells	0.0138472068656874
SUB1	1_Human;6_Human;10_Human	3	11	In vitro	Cells	0.00792019468867518
YARS1	1_Human;2_Human;10_Human	3	11	In vitro	Cells	0.00970903388758632
HSPA2	1_Human;5_Human;7_Human	3	11	In vitro	Cells	0.00769866293877652
BCAT1	1_Human;5_Human	2	11	In vitro	Cells	0.00407547453297942
NDUFV3	1_Human;10_Human	2	11	In vitro	Cells	0.00251478928326978
ATP5ME	1_Human;4_Human;10_Human	3	11	In vitro	Cells	0.00565944337132009
S100A10	1_Human;7_Human;10_Human	3	11	In vitro	Cells	0.00613797768906688
UBE2D3	1_Human;4_Human	2	11	In vitro	Cells	0.00417134813322485
B2M	1_Human;3_Human	2	11	In vitro	Cells	0.0138472068656874
RPS7	1_Human;4_Human;10_Human	3	11	In vitro	Cells	0.00565944337132009
RPS8	1_Human;5_Human;7_Human;10_Human;11_Human	5	11	In vitro	Cells	0.013497103004458
TMSB4X	1_Human;5_Human	2	11	In vitro	Cells	0.00407547453297942
EEF1A1	1_Human;2_Human;4_Human;7_Human;11_Human	5	11	In vitro	Cells	0.0192991259709247
FAU	1_Human;5_Human;10_Human	3	11	In vitro	Cells	0.00556356977107465
RPL11	1_Human;4_Human	2	11	In vitro	Cells	0.00417134813322485
DYNLL1	1_Human;10_Human	2	11	In vitro	Cells	0.00251478928326978
DYNLT1	1_Human;10_Human	2	11	In vitro	Cells	0.00251478928326978
YBX1	1_Human;10_Human	2	11	In vitro	Cells	0.00251478928326978
TUBA4A	1_Human;4_Human;7_Human;8_Human	4	11	In vitro	Cells	0.00950686530614524
HBA2	1_Human;10_Human;11_Human	3	11	In vitro	Cells	0.00682513411085598
HBA1	1_Human;10_Human;11_Human	3	11	In vitro	Cells	0.00682513411085598
SRPX	1_Human;8_Human;10_Human	3	11	In vitro	Cells	0.00422711805039306
RPL24	1_Human;3_Human;5_Human;10_Human;11_Human	5	11	In vitro	Cells	0.0226944274191737
TXN2	1_Human;7_Human	2	11	In vitro	Cells	0.00464988245097164
RBM3	1_Human;11_Human	2	11	In vitro	Cells	0.00533703887276074
TIAL1	1_Human;8_Human	2	11	In vitro	Cells	0.00273902281229783
SLC7A5	1_Human;11_Human	2	11	In vitro	Cells	0.00533703887276074
RPL18A	1_Human;4_Human;5_Human;10_Human	4	11	In vitro	Cells	0.00870822385912497
AKAP12	1_Human;5_Human;8_Human	3	11	In vitro	Cells	0.0057878033001027
TNFAIP2	1_Human;8_Human	2	11	In vitro	Cells	0.00273902281229783
GBE1	1_Human;2_Human;4_Human;5_Human	4	11	In vitro	Cells	0.0144143732253463
PSME1	1_Human;4_Human	2	11	In vitro	Cells	0.00417134813322485
C1QBP	1_Human;7_Human;8_Human	3	11	In vitro	Cells	0.00636221121809493
CKAP4	1_Human;11_Human	2	11	In vitro	Cells	0.00533703887276074
AHNAK	1_Human;7_Human;11_Human	3	11	In vitro	Cells	0.00896022727855785
NEXN	1_Human;5_Human;10_Human	3	11	In vitro	Cells	0.00556356977107465
DPYD	1_Human;10_Human	2	11	In vitro	Cells	0.00251478928326978
SPP2	1_Human;10_Human	2	11	In vitro	Cells	0.00251478928326978
SELENBP1	1_Human;5_Human;8_Human	3	11	In vitro	Cells	0.0057878033001027
SRSF6	1_Human;7_Human;10_Human	3	11	In vitro	Cells	0.00613797768906688
FKBP5	1_Human;8_Human	2	11	In vitro	Cells	0.00273902281229783
TUBB3	1_Human;5_Human;7_Human;10_Human	4	11	In vitro	Cells	0.00918675817687176
SNW1	1_Human;10_Human	2	11	In vitro	Cells	0.00251478928326978
ALCAM	1_Human;5_Human;10_Human	3	11	In vitro	Cells	0.00556356977107465
CAMK1	1_Human;6_Human	2	11	In vitro	Cells	0.00643209945057994
FLNC	1_Human;2_Human;5_Human	3	11	In vitro	Cells	0.011269719137296
GALE	1_Human;8_Human;10_Human	3	11	In vitro	Cells	0.00422711805039306
GAS6	1_Human;10_Human	2	11	In vitro	Cells	0.00251478928326978
CAPRIN1	1_Human;7_Human	2	11	In vitro	Cells	0.00464988245097164
LTBP1	1_Human;10_Human	2	11	In vitro	Cells	0.00251478928326978
PCOLCE	1_Human;5_Human	2	11	In vitro	Cells	0.00407547453297942
EBP	1_Human;4_Human	2	11	In vitro	Cells	0.00417134813322485
RCN1	1_Human;4_Human;5_Human;8_Human	4	11	In vitro	Cells	0.00893245738815302
TSC22D1	1_Human;10_Human	2	11	In vitro	Cells	0.00251478928326978
SLC1A5	1_Human;8_Human;11_Human	3	11	In vitro	Cells	0.00704936763988403
ZYX	1_Human;8_Human;11_Human	3	11	In vitro	Cells	0.00704936763988403
PTGIS	1_Human;8_Human	2	11	In vitro	Cells	0.00273902281229783
DECR1	1_Human;4_Human	2	11	In vitro	Cells	0.00417134813322485
CLPP	1_Human;10_Human	2	11	In vitro	Cells	0.00251478928326978
DDR2	1_Human;6_Human	2	11	In vitro	Cells	0.00643209945057994
UGP2	1_Human;5_Human	2	11	In vitro	Cells	0.00407547453297942
TUBB8	1_Human;4_Human;8_Human	3	11	In vitro	Cells	0.00588367690034814
PPIL1	1_Human;4_Human	2	11	In vitro	Cells	0.00417134813322485
HSP90AB4P	1_Human;7_Human	2	11	In vitro	Cells	0.00464988245097164
HSP90AB2P	1_Human;6_Human;7_Human	3	11	In vitro	Cells	0.010055287856377
RAB18	1_Human;5_Human;8_Human	3	11	In vitro	Cells	0.0057878033001027
RPL7A	1_Human;4_Human;5_Human;7_Human;8_Human;10_Human;11_Human	7	11	In vitro	Cells	0.0183540858596316
BTF3	1_Human;8_Human;10_Human	3	11	In vitro	Cells	0.00422711805039306
ARHGAP17	1_Human;10_Human	2	11	In vitro	Cells	0.00251478928326978
NXN	1_Human;7_Human;8_Human;10_Human	4	11	In vitro	Cells	0.00785030645619017
COMMD6	1_Human;10_Human	2	11	In vitro	Cells	0.00251478928326978
CTHRC1	1_Human;2_Human;5_Human;10_Human	4	11	In vitro	Cells	0.0127578143753912
AEBP1	1_Human;10_Human	2	11	In vitro	Cells	0.00251478928326978
PLD3	1_Human;8_Human	2	11	In vitro	Cells	0.00273902281229783
NAV3	1_Human;8_Human	2	11	In vitro	Cells	0.00273902281229783
ARMC10	1_Human;6_Human	2	11	In vitro	Cells	0.00643209945057994
ARHGAP18	1_Human;8_Human	2	11	In vitro	Cells	0.00273902281229783
OXR1	1_Human;6_Human	2	11	In vitro	Cells	0.00643209945057994
NEK7	1_Human;4_Human;5_Human	3	11	In vitro	Cells	0.00722012862102973
ZC3H15	1_Human;10_Human	2	11	In vitro	Cells	0.00251478928326978
NDRG1	1_Human;10_Human	2	11	In vitro	Cells	0.00251478928326978
TFG	1_Human;7_Human	2	11	In vitro	Cells	0.00464988245097164
P3H4	1_Human;8_Human;10_Human	3	11	In vitro	Cells	0.00422711805039306
LPP	1_Human;5_Human	2	11	In vitro	Cells	0.00407547453297942
MAGOHB	1_Human;4_Human	2	11	In vitro	Cells	0.00417134813322485
ISOC2	1_Human;8_Human;10_Human	3	11	In vitro	Cells	0.00422711805039306
LRRC59	1_Human;11_Human	2	11	In vitro	Cells	0.00533703887276074
FKBP10	1_Human;7_Human	2	11	In vitro	Cells	0.00464988245097164
PYCR2	1_Human;6_Human;10_Human	3	11	In vitro	Cells	0.00792019468867518
MMAB	1_Human;3_Human;8_Human	3	11	In vitro	Cells	0.0155595356328106
S100A16	1_Human;4_Human	2	11	In vitro	Cells	0.00417134813322485
ABHD14B	1_Human;4_Human	2	11	In vitro	Cells	0.00417134813322485
TRIM47	1_Human;6_Human	2	11	In vitro	Cells	0.00643209945057994
FYTTD1	1_Human;11_Human	2	11	In vitro	Cells	0.00533703887276074
S100A13	1_Human;4_Human;6_Human;7_Human	4	11	In vitro	Cells	0.0131999419444274
NAPG	1_Human;8_Human	2	11	In vitro	Cells	0.00273902281229783
CPPED1	1_Human;5_Human	2	11	In vitro	Cells	0.00407547453297942
CNPY3	1_Human;10_Human	2	11	In vitro	Cells	0.00251478928326978
SFXN3	1_Human;4_Human	2	11	In vitro	Cells	0.00417134813322485
LSM14B	1_Human;8_Human	2	11	In vitro	Cells	0.00273902281229783
HINT2	1_Human;10_Human	2	11	In vitro	Cells	0.00251478928326978
SLK	1_Human;4_Human;10_Human	3	11	In vitro	Cells	0.00565944337132009
C1orf198	1_Human;2_Human;10_Human	3	11	In vitro	Cells	0.00970903388758632
AAMDC	1_Human;5_Human;6_Human;10_Human	4	11	In vitro	Cells	0.0109689751764801
JPT2	1_Human;7_Human	2	11	In vitro	Cells	0.00464988245097164
SMURF2	1_Human;8_Human	2	11	In vitro	Cells	0.00273902281229783
CD248	1_Human;5_Human	2	11	In vitro	Cells	0.00407547453297942
KIF13B	1_Human;8_Human	2	11	In vitro	Cells	0.00273902281229783
DDX21	1_Human;7_Human;8_Human;11_Human	4	11	In vitro	Cells	0.0106725560456811
PLSCR4	1_Human;6_Human	2	11	In vitro	Cells	0.00643209945057994
SPATS2L	1_Human;8_Human	2	11	In vitro	Cells	0.00273902281229783
NDE1	1_Human;8_Human	2	11	In vitro	Cells	0.00273902281229783
BCLAF1	1_Human;4_Human;10_Human	3	11	In vitro	Cells	0.00565944337132009
TMOD3	1_Human;11_Human	2	11	In vitro	Cells	0.00533703887276074
MYOF	1_Human;5_Human	2	11	In vitro	Cells	0.00407547453297942
PDP1	1_Human;8_Human	2	11	In vitro	Cells	0.00273902281229783
XPR1	1_Human;6_Human	2	11	In vitro	Cells	0.00643209945057994
LIMA1	1_Human;2_Human;8_Human;11_Human	4	11	In vitro	Cells	0.0142436122442006
ADAMTS1	1_Human;8_Human	2	11	In vitro	Cells	0.00273902281229783
CYB5R1	1_Human;5_Human	2	11	In vitro	Cells	0.00407547453297942
ATP5IF1	1_Human;4_Human	2	11	In vitro	Cells	0.00417134813322485
AK3	1_Human;8_Human	2	11	In vitro	Cells	0.00273902281229783
LNPEP	1_Human;4_Human;8_Human	3	11	In vitro	Cells	0.00588367690034814
RTRAF	1_Human;2_Human	2	11	In vitro	Cells	0.00822093864949108
GSTK1	1_Human;2_Human;3_Human	3	11	In vitro	Cells	0.0210414514700039
MED16	1_Human;7_Human	2	11	In vitro	Cells	0.00464988245097164
FIS1	1_Human;6_Human	2	11	In vitro	Cells	0.00643209945057994
SAMHD1	1_Human;5_Human	2	11	In vitro	Cells	0.00407547453297942
SNX9	1_Human;5_Human	2	11	In vitro	Cells	0.00407547453297942
PSAT1	1_Human;5_Human;10_Human	3	11	In vitro	Cells	0.00556356977107465
SAR1B	1_Human;4_Human	2	11	In vitro	Cells	0.00417134813322485
SQOR	1_Human;4_Human;8_Human;10_Human	4	11	In vitro	Cells	0.00737177213844338
PSMD8	1_Human;2_Human	2	11	In vitro	Cells	0.00822093864949108
TAGLN2	1_Human;11_Human	2	11	In vitro	Cells	0.00533703887276074
AKR1C3	2_Human;4_Human;6_Human	3	11	In vitro	Cells	0.0157443040977723
ACTA2	2_Human;7_Human;10_Human	3	11	In vitro	Cells	0.0123055282482089
ACTG2	2_Human;7_Human	2	11	In vitro	Cells	0.0108174330101136
MYL6	2_Human;10_Human;11_Human	3	11	In vitro	Cells	0.012992684669998
ALDH1L2	2_Human;5_Human;10_Human	3	11	In vitro	Cells	0.0117311203302167
CALD1	2_Human;3_Human;11_Human	3	11	In vitro	Cells	0.0243251022524156
EEF1D	2_Human;4_Human;7_Human;10_Human	4	11	In vitro	Cells	0.0154501823362592
REXO2	2_Human;10_Human	2	11	In vitro	Cells	0.00868233984241179
MYL12A	2_Human;7_Human;11_Human	3	11	In vitro	Cells	0.0151277778376999
MYL12B	2_Human;7_Human	2	11	In vitro	Cells	0.0108174330101136
USO1	2_Human;10_Human	2	11	In vitro	Cells	0.00868233984241179
AK1	2_Human;4_Human	2	11	In vitro	Cells	0.0103388986923669
ASS1	2_Human;5_Human;8_Human;10_Human	4	11	In vitro	Cells	0.01344344909734
FTL	2_Human;5_Human;10_Human	3	11	In vitro	Cells	0.0117311203302167
FTH1	2_Human;3_Human;5_Human;8_Human;10_Human;11_Human	6	11	In vitro	Cells	0.030574306745439
GAPDH	2_Human;7_Human;11_Human	3	11	In vitro	Cells	0.0151277778376999
RPLP2	2_Human;7_Human;10_Human	3	11	In vitro	Cells	0.0123055282482089
RPLP0	2_Human;10_Human	2	11	In vitro	Cells	0.00868233984241179
ATP5F1B	2_Human;7_Human	2	11	In vitro	Cells	0.0108174330101136
S100A6	2_Human;10_Human	2	11	In vitro	Cells	0.00868233984241179
NPM1	2_Human;4_Human;7_Human;8_Human;10_Human	5	11	In vitro	Cells	0.0171625111033825
APRT	2_Human;4_Human	2	11	In vitro	Cells	0.0103388986923669
PDHB	2_Human;4_Human;7_Human;8_Human	4	11	In vitro	Cells	0.0156744158652873
G6PD	2_Human;8_Human	2	11	In vitro	Cells	0.00890657337143983
XRCC5	2_Human;7_Human	2	11	In vitro	Cells	0.0108174330101136
RNH1	2_Human;7_Human	2	11	In vitro	Cells	0.0108174330101136
PKM	2_Human;5_Human;7_Human;11_Human	4	11	In vitro	Cells	0.0181765583255047
HSP90B1	2_Human;7_Human;10_Human;11_Human	4	11	In vitro	Cells	0.0166158730757951
TCP1	2_Human;4_Human;7_Human	3	11	In vitro	Cells	0.013962087098164
PGAM1	2_Human;7_Human	2	11	In vitro	Cells	0.0108174330101136
TGM2	2_Human;5_Human;8_Human	3	11	In vitro	Cells	0.0119553538592447
UBA1	2_Human;7_Human	2	11	In vitro	Cells	0.0108174330101136
RPS3	2_Human;3_Human;7_Human	3	11	In vitro	Cells	0.0236379458306265
ATP5F1A	2_Human;4_Human;7_Human	3	11	In vitro	Cells	0.013962087098164
EEF1G	2_Human;10_Human;11_Human	3	11	In vitro	Cells	0.012992684669998
TKT	2_Human;11_Human	2	11	In vitro	Cells	0.0115045894319028
ALDH4A1	2_Human;5_Human	2	11	In vitro	Cells	0.0102430250921214
RPL12	2_Human;4_Human;11_Human	3	11	In vitro	Cells	0.0146492435199531
ALDH1B1	2_Human;5_Human	2	11	In vitro	Cells	0.0102430250921214
MYH10	2_Human;10_Human	2	11	In vitro	Cells	0.00868233984241179
CAPG	2_Human;3_Human	2	11	In vitro	Cells	0.0200147574248294
MDH2	2_Human;8_Human	2	11	In vitro	Cells	0.00890657337143983
RPL5	2_Human;4_Human;10_Human;11_Human	4	11	In vitro	Cells	0.0161373387580483
IQGAP1	2_Human;4_Human	2	11	In vitro	Cells	0.0103388986923669
ATP5PO	2_Human;11_Human	2	11	In vitro	Cells	0.0115045894319028
ARCN1	2_Human;3_Human	2	11	In vitro	Cells	0.0200147574248294
CNN1	2_Human;10_Human	2	11	In vitro	Cells	0.00868233984241179
HNRNPA3	2_Human;7_Human;11_Human	3	11	In vitro	Cells	0.0151277778376999
ACLY	2_Human;5_Human	2	11	In vitro	Cells	0.0102430250921214
ACTR1A	2_Human;3_Human;7_Human	3	11	In vitro	Cells	0.0236379458306265
YWHAG	2_Human;7_Human	2	11	In vitro	Cells	0.0108174330101136
RPL23	2_Human;4_Human;10_Human	3	11	In vitro	Cells	0.0118269939304621
TMSB10	2_Human;7_Human	2	11	In vitro	Cells	0.0108174330101136
TUBB2A	2_Human;7_Human;10_Human	3	11	In vitro	Cells	0.0123055282482089
PFKP	2_Human;7_Human	2	11	In vitro	Cells	0.0108174330101136
TAGLN	2_Human;5_Human;8_Human	3	11	In vitro	Cells	0.0119553538592447
GANAB	2_Human;7_Human	2	11	In vitro	Cells	0.0108174330101136
CNN3	2_Human;5_Human;8_Human	3	11	In vitro	Cells	0.0119553538592447
TUBB2B	2_Human;7_Human	2	11	In vitro	Cells	0.0108174330101136
CAVIN1	2_Human;7_Human;10_Human	3	11	In vitro	Cells	0.0123055282482089
FBLIM1	2_Human;5_Human	2	11	In vitro	Cells	0.0102430250921214
VAT1	2_Human;11_Human	2	11	In vitro	Cells	0.0115045894319028
PDLIM7	2_Human;5_Human;11_Human	3	11	In vitro	Cells	0.0145533699197076
LMCD1	2_Human;5_Human	2	11	In vitro	Cells	0.0102430250921214
STRAP	2_Human;4_Human	2	11	In vitro	Cells	0.0103388986923669
SERPINB6	3_Human;4_Human;8_Human	3	11	In vitro	Cells	0.0176774956756864
CTSD	3_Human;4_Human;7_Human	3	11	In vitro	Cells	0.0195883553143602
THBS2	3_Human;5_Human;10_Human	3	11	In vitro	Cells	0.0173573885464129
RPL18	3_Human;4_Human;5_Human;7_Human;10_Human;11_Human	6	11	In vitro	Cells	0.0284355758678466
PPP1R12A	3_Human;10_Human	2	11	In vitro	Cells	0.0143086080586081
SERPINE2	3_Human;5_Human;8_Human	3	11	In vitro	Cells	0.017581622075441
CTSA	3_Human;4_Human	2	11	In vitro	Cells	0.0159651669085631
PRKAR2A	3_Human;10_Human;11_Human	3	11	In vitro	Cells	0.0186189528861943
HMGA1	3_Human;10_Human	2	11	In vitro	Cells	0.0143086080586081
RPL13	3_Human;4_Human;5_Human;8_Human;10_Human;11_Human	6	11	In vitro	Cells	0.0265247162291727
S100A4	3_Human;4_Human	2	11	In vitro	Cells	0.0159651669085631
CCN2	3_Human;5_Human	2	11	In vitro	Cells	0.0158692933083177
RPS9	3_Human;4_Human;5_Human;10_Human	4	11	In vitro	Cells	0.0205020426344633
CLIP1	3_Human;5_Human	2	11	In vitro	Cells	0.0158692933083177
RPL9P7	3_Human;7_Human;8_Human	3	11	In vitro	Cells	0.0181560299934332
RPL9	3_Human;7_Human;8_Human	3	11	In vitro	Cells	0.0181560299934332
MAP1B	3_Human;10_Human	2	11	In vitro	Cells	0.0143086080586081
RPL14	3_Human;4_Human;11_Human	3	11	In vitro	Cells	0.0202755117361493
CDH13	3_Human;8_Human	2	11	In vitro	Cells	0.0145328415876361
H2BC5	3_Human;11_Human	2	11	In vitro	Cells	0.017130857648099
RPL27	3_Human;5_Human;10_Human	3	11	In vitro	Cells	0.0173573885464129
SPTBN1	3_Human;4_Human;10_Human	3	11	In vitro	Cells	0.0174532621466584
SQSTM1	3_Human;5_Human;8_Human;11_Human	4	11	In vitro	Cells	0.0218919669030272
PCBP2	3_Human;4_Human;11_Human	3	11	In vitro	Cells	0.0202755117361493
SEPTIN7	3_Human;4_Human	2	11	In vitro	Cells	0.0159651669085631
IGFBP7	3_Human;5_Human	2	11	In vitro	Cells	0.0158692933083177
CSRP2	3_Human;5_Human;8_Human	3	11	In vitro	Cells	0.017581622075441
DBN1	3_Human;7_Human	2	11	In vitro	Cells	0.0164437012263099
HP1BP3	3_Human;10_Human	2	11	In vitro	Cells	0.0143086080586081
CCDC80	3_Human;10_Human	2	11	In vitro	Cells	0.0143086080586081
AHNAK2	3_Human;4_Human;11_Human	3	11	In vitro	Cells	0.0202755117361493
CHCHD2P9	3_Human;10_Human	2	11	In vitro	Cells	0.0143086080586081
RPL17-C18orf32	4_Human;5_Human	2	11	In vitro	Cells	0.00619343457585519
RPL17	4_Human;5_Human;10_Human;11_Human	4	11	In vitro	Cells	0.0119918746415366
RPS18	4_Human;7_Human;10_Human	3	11	In vitro	Cells	0.00825593773194265
ILVBL	4_Human;8_Human	2	11	In vitro	Cells	0.0048569828551736
ACO2	4_Human;7_Human	2	11	In vitro	Cells	0.00676784249384742
CD81	4_Human;10_Human	2	11	In vitro	Cells	0.00463274932614555
SRSF1	4_Human;7_Human;10_Human	3	11	In vitro	Cells	0.00825593773194265
RPS24	4_Human;5_Human;10_Human	3	11	In vitro	Cells	0.00768152981395043
PRRC2C	4_Human;10_Human	2	11	In vitro	Cells	0.00463274932614555
MYO1C	4_Human;5_Human;10_Human	3	11	In vitro	Cells	0.00768152981395043
PGRMC1	4_Human;5_Human;11_Human	3	11	In vitro	Cells	0.0105037794034414
HNRNPR	4_Human;10_Human;11_Human	3	11	In vitro	Cells	0.00894309415373176
TIMM44	4_Human;8_Human	2	11	In vitro	Cells	0.0048569828551736
ACTN3	4_Human;5_Human	2	11	In vitro	Cells	0.00619343457585519
ACTN4	4_Human;5_Human;7_Human	3	11	In vitro	Cells	0.00981662298165229
ATP5MG	4_Human;5_Human;8_Human	3	11	In vitro	Cells	0.00790576334297848
GFPT2	4_Human;8_Human	2	11	In vitro	Cells	0.0048569828551736
TOMM40	4_Human;8_Human	2	11	In vitro	Cells	0.0048569828551736
LMNA	4_Human;7_Human;8_Human;9_Human	4	11	In vitro	Cells	0.091813504594304
CAT	4_Human;5_Human;11_Human	3	11	In vitro	Cells	0.0105037794034414
ANXA1	4_Human;7_Human;9_Human;10_Human;11_Human	5	11	In vitro	Cells	0.0958996158928622
EPHX1	4_Human;10_Human	2	11	In vitro	Cells	0.00463274932614555
HSP90AA2P	4_Human;7_Human;8_Human	3	11	In vitro	Cells	0.0084801712609707
HSP90AA1	4_Human;7_Human;10_Human	3	11	In vitro	Cells	0.00825593773194265
ANXA5	4_Human;11_Human	2	11	In vitro	Cells	0.00745499891563652
TOP1	4_Human;11_Human	2	11	In vitro	Cells	0.00745499891563652
PC	4_Human;5_Human	2	11	In vitro	Cells	0.00619343457585519
ADH5	4_Human;5_Human	2	11	In vitro	Cells	0.00619343457585519
RAC2	4_Human;10_Human	2	11	In vitro	Cells	0.00463274932614555
ARF3	4_Human;7_Human	2	11	In vitro	Cells	0.00676784249384742
PTMS	4_Human;10_Human	2	11	In vitro	Cells	0.00463274932614555
OSBP	4_Human;10_Human	2	11	In vitro	Cells	0.00463274932614555
FBL	4_Human;10_Human	2	11	In vitro	Cells	0.00463274932614555
ATP5F1D	4_Human;10_Human	2	11	In vitro	Cells	0.00463274932614555
PEBP1	4_Human;8_Human;10_Human	3	11	In vitro	Cells	0.00634507809326884
YWHAB	4_Human;7_Human	2	11	In vitro	Cells	0.00676784249384742
MYH9	4_Human;10_Human	2	11	In vitro	Cells	0.00463274932614555
EIF4A3	4_Human;8_Human	2	11	In vitro	Cells	0.0048569828551736
RPL13A	4_Human;5_Human;10_Human;11_Human	4	11	In vitro	Cells	0.0119918746415366
RPL13AP3	4_Human;5_Human	2	11	In vitro	Cells	0.00619343457585519
LRPPRC	4_Human;7_Human	2	11	In vitro	Cells	0.00676784249384742
RPS10	4_Human;7_Human	2	11	In vitro	Cells	0.00676784249384742
UTRN	4_Human;8_Human	2	11	In vitro	Cells	0.0048569828551736
RAB5C	4_Human;11_Human	2	11	In vitro	Cells	0.00745499891563652
RAB5A	4_Human;10_Human	2	11	In vitro	Cells	0.00463274932614555
STAT3	4_Human;8_Human;10_Human	3	11	In vitro	Cells	0.00634507809326884
GNB3	4_Human;6_Human	2	11	In vitro	Cells	0.00855005949345572
RAD23A	4_Human;8_Human	2	11	In vitro	Cells	0.0048569828551736
EIF5	4_Human;10_Human	2	11	In vitro	Cells	0.00463274932614555
LAMB2	4_Human;8_Human;10_Human	3	11	In vitro	Cells	0.00634507809326884
YWHAE	4_Human;7_Human	2	11	In vitro	Cells	0.00676784249384742
RPS13	4_Human;7_Human;10_Human;11_Human	4	11	In vitro	Cells	0.0125662825595289
RPL10A	4_Human;7_Human;10_Human	3	11	In vitro	Cells	0.00825593773194265
RPL38	4_Human;10_Human	2	11	In vitro	Cells	0.00463274932614555
CCT2	4_Human;11_Human	2	11	In vitro	Cells	0.00745499891563652
BASP1	4_Human;7_Human	2	11	In vitro	Cells	0.00676784249384742
AKR1C1	4_Human;8_Human	2	11	In vitro	Cells	0.0048569828551736
MYO1E	4_Human;5_Human;10_Human	3	11	In vitro	Cells	0.00768152981395043
SNX1	4_Human;10_Human	2	11	In vitro	Cells	0.00463274932614555
UAP1	4_Human;5_Human	2	11	In vitro	Cells	0.00619343457585519
SEC22B	4_Human;11_Human	2	11	In vitro	Cells	0.00745499891563652
HERC4	4_Human;10_Human	2	11	In vitro	Cells	0.00463274932614555
TOR1AIP1	4_Human;8_Human	2	11	In vitro	Cells	0.0048569828551736
UBR4	4_Human;10_Human	2	11	In vitro	Cells	0.00463274932614555
PRMT1	4_Human;8_Human	2	11	In vitro	Cells	0.0048569828551736
VASN	4_Human;5_Human	2	11	In vitro	Cells	0.00619343457585519
CYFIP1	4_Human;6_Human	2	11	In vitro	Cells	0.00855005949345572
DHX29	4_Human;8_Human	2	11	In vitro	Cells	0.0048569828551736
ALYREF	4_Human;10_Human	2	11	In vitro	Cells	0.00463274932614555
DNAJC10	4_Human;8_Human	2	11	In vitro	Cells	0.0048569828551736
CAVIN3	4_Human;10_Human	2	11	In vitro	Cells	0.00463274932614555
GNPNAT1	4_Human;5_Human	2	11	In vitro	Cells	0.00619343457585519
PDLIM5	4_Human;5_Human	2	11	In vitro	Cells	0.00619343457585519
RSF1	4_Human;8_Human	2	11	In vitro	Cells	0.0048569828551736
NIPSNAP1	4_Human;5_Human	2	11	In vitro	Cells	0.00619343457585519
ACOT13	4_Human;8_Human	2	11	In vitro	Cells	0.0048569828551736
FAM120A	4_Human;10_Human	2	11	In vitro	Cells	0.00463274932614555
COPZ2	4_Human;8_Human;10_Human	3	11	In vitro	Cells	0.00634507809326884
SEPTIN9	4_Human;8_Human	2	11	In vitro	Cells	0.0048569828551736
PACSIN2	4_Human;5_Human;10_Human	3	11	In vitro	Cells	0.00768152981395043
THRAP3	4_Human;10_Human;11_Human	3	11	In vitro	Cells	0.00894309415373176
TLN2	4_Human;10_Human	2	11	In vitro	Cells	0.00463274932614555
CLIC4	4_Human;7_Human	2	11	In vitro	Cells	0.00676784249384742
RPL36	5_Human;10_Human;11_Human	3	11	In vitro	Cells	0.00884722055348632
GPNMB	5_Human;8_Human	2	11	In vitro	Cells	0.00476110925492817
POSTN	5_Human;8_Human;10_Human	3	11	In vitro	Cells	0.0062492044930234
RPL31	5_Human;10_Human;11_Human	3	11	In vitro	Cells	0.00884722055348632
COL12A1	5_Human;8_Human;10_Human	3	11	In vitro	Cells	0.0062492044930234
MSRB3	5_Human;10_Human	2	11	In vitro	Cells	0.00453687572590012
PARVA	5_Human;10_Human	2	11	In vitro	Cells	0.00453687572590012
ATP6V0D1	5_Human;6_Human;8_Human	3	11	In vitro	Cells	0.0101665146603336
DNM1L	5_Human;8_Human	2	11	In vitro	Cells	0.00476110925492817
PLOD2	5_Human;7_Human	2	11	In vitro	Cells	0.00667196889360198
SDCBP	5_Human;8_Human	2	11	In vitro	Cells	0.00476110925492817
PDXK	5_Human;8_Human	2	11	In vitro	Cells	0.00476110925492817
HSPB6	5_Human;8_Human	2	11	In vitro	Cells	0.00476110925492817
TGFB1I1	5_Human;6_Human	2	11	In vitro	Cells	0.00845418589321028
ACSL4	5_Human;8_Human	2	11	In vitro	Cells	0.00476110925492817
PRAF2	5_Human;6_Human;10_Human	3	11	In vitro	Cells	0.00994228113130552
MACROH2A1	5_Human;10_Human;11_Human	3	11	In vitro	Cells	0.00884722055348632
MYO1D	5_Human;10_Human	2	11	In vitro	Cells	0.00453687572590012
EFEMP2	5_Human;6_Human	2	11	In vitro	Cells	0.00845418589321028
COL4A1	5_Human;8_Human;10_Human	3	11	In vitro	Cells	0.0062492044930234
CRYAB	5_Human;9_Human	2	11	In vitro	Cells	0.0863821138211382
GBA1	5_Human;10_Human	2	11	In vitro	Cells	0.00453687572590012
HSPB1	5_Human;9_Human	2	11	In vitro	Cells	0.0863821138211382
SERPINB2	5_Human;10_Human	2	11	In vitro	Cells	0.00453687572590012
ENO1	5_Human;7_Human;11_Human	3	11	In vitro	Cells	0.0109823137211882
DCN	5_Human;8_Human;10_Human	3	11	In vitro	Cells	0.0062492044930234
PARP1	5_Human;7_Human;11_Human	3	11	In vitro	Cells	0.0109823137211882
HAPLN1	5_Human;8_Human	2	11	In vitro	Cells	0.00476110925492817
COL11A1	5_Human;10_Human	2	11	In vitro	Cells	0.00453687572590012
CKB	5_Human;7_Human;10_Human	3	11	In vitro	Cells	0.00816006413169722
NPR3	5_Human;10_Human	2	11	In vitro	Cells	0.00453687572590012
IGFBP2	5_Human;10_Human	2	11	In vitro	Cells	0.00453687572590012
RPL7	5_Human;10_Human;11_Human	3	11	In vitro	Cells	0.00884722055348632
ENPP1	5_Human;10_Human	2	11	In vitro	Cells	0.00453687572590012
RPL10	5_Human;10_Human	2	11	In vitro	Cells	0.00453687572590012
LMOD1	5_Human;10_Human	2	11	In vitro	Cells	0.00453687572590012
RPL3	5_Human;10_Human	2	11	In vitro	Cells	0.00453687572590012
ARL1	5_Human;8_Human;10_Human	3	11	In vitro	Cells	0.0062492044930234
CRK	5_Human;8_Human	2	11	In vitro	Cells	0.00476110925492817
RPL27A	5_Human;10_Human;11_Human	3	11	In vitro	Cells	0.00884722055348632
RPL28	5_Human;10_Human;11_Human	3	11	In vitro	Cells	0.00884722055348632
ADGRE5	5_Human;6_Human	2	11	In vitro	Cells	0.00845418589321028
PLCD1	5_Human;10_Human	2	11	In vitro	Cells	0.00453687572590012
AKR1C2	5_Human;8_Human	2	11	In vitro	Cells	0.00476110925492817
CACNA2D1	5_Human;8_Human	2	11	In vitro	Cells	0.00476110925492817
RPL15	5_Human;10_Human	2	11	In vitro	Cells	0.00453687572590012
RRAS2	5_Human;10_Human	2	11	In vitro	Cells	0.00453687572590012
RPS23	5_Human;10_Human;11_Human	3	11	In vitro	Cells	0.00884722055348632
RPS11	5_Human;10_Human;11_Human	3	11	In vitro	Cells	0.00884722055348632
H4C14	5_Human;11_Human	2	11	In vitro	Cells	0.00735912531539108
H4C16	5_Human;11_Human	2	11	In vitro	Cells	0.00735912531539108
H4C1	5_Human;11_Human	2	11	In vitro	Cells	0.00735912531539108
H4C15	5_Human;11_Human	2	11	In vitro	Cells	0.00735912531539108
H4C2	5_Human;11_Human	2	11	In vitro	Cells	0.00735912531539108
H4C13	5_Human;11_Human	2	11	In vitro	Cells	0.00735912531539108
H4C9	5_Human;11_Human	2	11	In vitro	Cells	0.00735912531539108
H4C6	5_Human;11_Human	2	11	In vitro	Cells	0.00735912531539108
H4C4	5_Human;11_Human	2	11	In vitro	Cells	0.00735912531539108
H4C12	5_Human;11_Human	2	11	In vitro	Cells	0.00735912531539108
H4C3	5_Human;11_Human	2	11	In vitro	Cells	0.00735912531539108
H4C11	5_Human;11_Human	2	11	In vitro	Cells	0.00735912531539108
H4C5	5_Human;11_Human	2	11	In vitro	Cells	0.00735912531539108
H4C8	5_Human;11_Human	2	11	In vitro	Cells	0.00735912531539108
RPS26	5_Human;10_Human	2	11	In vitro	Cells	0.00453687572590012
RPL8	5_Human;7_Human;8_Human;10_Human	4	11	In vitro	Cells	0.0098723928988205
RPL19	5_Human;10_Human;11_Human	3	11	In vitro	Cells	0.00884722055348632
PURA	5_Human;10_Human	2	11	In vitro	Cells	0.00453687572590012
SET	5_Human;7_Human;10_Human	3	11	In vitro	Cells	0.00816006413169722
SETSIP	5_Human;7_Human	2	11	In vitro	Cells	0.00667196889360198
RPL6	5_Human;10_Human;11_Human	3	11	In vitro	Cells	0.00884722055348632
SLC25A11	5_Human;8_Human	2	11	In vitro	Cells	0.00476110925492817
GFPT1	5_Human;8_Human	2	11	In vitro	Cells	0.00476110925492817
LGALS3BP	5_Human;8_Human;10_Human	3	11	In vitro	Cells	0.0062492044930234
MOGS	5_Human;8_Human	2	11	In vitro	Cells	0.00476110925492817
DPYSL3	5_Human;7_Human;8_Human	3	11	In vitro	Cells	0.00838429766072527
TRIP6	5_Human;11_Human	2	11	In vitro	Cells	0.00735912531539108
CYP1B1	5_Human;6_Human	2	11	In vitro	Cells	0.00845418589321028
FHL1	5_Human;8_Human	2	11	In vitro	Cells	0.00476110925492817
STXBP5	5_Human;8_Human	2	11	In vitro	Cells	0.00476110925492817
SPECC1L	5_Human;10_Human	2	11	In vitro	Cells	0.00453687572590012
CSPG4	5_Human;10_Human	2	11	In vitro	Cells	0.00453687572590012
POGLUT3	5_Human;10_Human	2	11	In vitro	Cells	0.00453687572590012
LIMS2	5_Human;10_Human	2	11	In vitro	Cells	0.00453687572590012
WDFY1	5_Human;6_Human;8_Human	3	11	In vitro	Cells	0.0101665146603336
NDUFAF2	5_Human;8_Human	2	11	In vitro	Cells	0.00476110925492817
CEMIP	5_Human;8_Human	2	11	In vitro	Cells	0.00476110925492817
PALLD	5_Human;10_Human	2	11	In vitro	Cells	0.00453687572590012
PXDN	5_Human;10_Human	2	11	In vitro	Cells	0.00453687572590012
HTRA1	5_Human;10_Human	2	11	In vitro	Cells	0.00453687572590012
RCN3	5_Human;7_Human	2	11	In vitro	Cells	0.00667196889360198
SLC38A2	5_Human;8_Human	2	11	In vitro	Cells	0.00476110925492817
DHRS4	5_Human;8_Human	2	11	In vitro	Cells	0.00476110925492817
TOMM22	5_Human;8_Human	2	11	In vitro	Cells	0.00476110925492817
EHD2	5_Human;10_Human	2	11	In vitro	Cells	0.00453687572590012
NDUFA13	5_Human;6_Human	2	11	In vitro	Cells	0.00845418589321028
RRBP1	5_Human;11_Human	2	11	In vitro	Cells	0.00735912531539108
APPL1	5_Human;8_Human	2	11	In vitro	Cells	0.00476110925492817
NPTN	5_Human;10_Human	2	11	In vitro	Cells	0.00453687572590012
UBXN4	6_Human;8_Human	2	11	In vitro	Cells	0.00711773417252869
OCRL	6_Human;8_Human	2	11	In vitro	Cells	0.00711773417252869
C3	6_Human;10_Human	2	11	In vitro	Cells	0.00689350064350064
KRT1	6_Human;7_Human;10_Human	3	11	In vitro	Cells	0.0105166890492977
HMGB2	6_Human;10_Human	2	11	In vitro	Cells	0.00689350064350064
RCC2	6_Human;10_Human	2	11	In vitro	Cells	0.00689350064350064
SUPV3L1	6_Human;8_Human	2	11	In vitro	Cells	0.00711773417252869
RTCA	6_Human;8_Human	2	11	In vitro	Cells	0.00711773417252869
TRAP1	6_Human;10_Human	2	11	In vitro	Cells	0.00689350064350064
PTGS1	6_Human;10_Human	2	11	In vitro	Cells	0.00689350064350064
SRSF3	6_Human;10_Human;11_Human	3	11	In vitro	Cells	0.0112038454710869
HMGB1	6_Human;7_Human;10_Human;11_Human	4	11	In vitro	Cells	0.014827033876884
GDF15	6_Human;8_Human	2	11	In vitro	Cells	0.00711773417252869
ACTB	6_Human;7_Human;8_Human;10_Human;11_Human	5	11	In vitro	Cells	0.0165393626440072
ACSL3	6_Human;8_Human	2	11	In vitro	Cells	0.00711773417252869
MRM3	6_Human;7_Human	2	11	In vitro	Cells	0.00902859381120251
POTEE	6_Human;7_Human	2	11	In vitro	Cells	0.00902859381120251
SAFB	6_Human;10_Human	2	11	In vitro	Cells	0.00689350064350064
H1-5	6_Human;10_Human	2	11	In vitro	Cells	0.00689350064350064
MYH3	6_Human;8_Human	2	11	In vitro	Cells	0.00711773417252869
MANBA	6_Human;8_Human	2	11	In vitro	Cells	0.00711773417252869
CSE1L	6_Human;7_Human	2	11	In vitro	Cells	0.00902859381120251
VIM	7_Human;11_Human	2	11	In vitro	Cells	0.00793353323338331
CALR	7_Human;10_Human	2	11	In vitro	Cells	0.00511128364389234
HSPA5	7_Human;8_Human;11_Human	3	11	In vitro	Cells	0.0096458620005066
POTEKP	7_Human;10_Human	2	11	In vitro	Cells	0.00511128364389234
POTEJ	7_Human;10_Human	2	11	In vitro	Cells	0.00511128364389234
ACTBL2	7_Human;10_Human	2	11	In vitro	Cells	0.00511128364389234
HSPD1	7_Human;8_Human	2	11	In vitro	Cells	0.00533551717292039
P4HB	7_Human;10_Human	2	11	In vitro	Cells	0.00511128364389234
FKBP2	7_Human;10_Human	2	11	In vitro	Cells	0.00511128364389234
TUBA1B	7_Human;11_Human	2	11	In vitro	Cells	0.00793353323338331
HYOU1	7_Human;8_Human	2	11	In vitro	Cells	0.00533551717292039
CAPZA1	7_Human;11_Human	2	11	In vitro	Cells	0.00793353323338331
GLS	7_Human;10_Human	2	11	In vitro	Cells	0.00511128364389234
A2M	7_Human;10_Human	2	11	In vitro	Cells	0.00511128364389234
TLN1	7_Human;11_Human	2	11	In vitro	Cells	0.00793353323338331
PDIA4	7_Human;8_Human;10_Human;11_Human	4	11	In vitro	Cells	0.0111339572386018
ALDOA	7_Human;11_Human	2	11	In vitro	Cells	0.00793353323338331
FH	7_Human;9_Human	2	11	In vitro	Cells	0.0869565217391304
PFN1	7_Human;11_Human	2	11	In vitro	Cells	0.00793353323338331
HNRNPC	7_Human;8_Human;10_Human	3	11	In vitro	Cells	0.00682361241101563
RPLP1	7_Human;10_Human	2	11	In vitro	Cells	0.00511128364389234
HDGF	7_Human;10_Human	2	11	In vitro	Cells	0.00511128364389234
ILF2	7_Human;8_Human	2	11	In vitro	Cells	0.00533551717292039
NAP1L1	7_Human;10_Human	2	11	In vitro	Cells	0.00511128364389234
CTTN	7_Human;11_Human	2	11	In vitro	Cells	0.00793353323338331
GK2	7_Human;8_Human	2	11	In vitro	Cells	0.00533551717292039
MAPT	7_Human;8_Human	2	11	In vitro	Cells	0.00533551717292039
MTERF1	7_Human;8_Human	2	11	In vitro	Cells	0.00533551717292039
ALB	7_Human;8_Human;10_Human	3	11	In vitro	Cells	0.00682361241101563
DCTN2	7_Human;11_Human	2	11	In vitro	Cells	0.00793353323338331
RPS28	7_Human;11_Human	2	11	In vitro	Cells	0.00793353323338331
RPS21	7_Human;11_Human	2	11	In vitro	Cells	0.00793353323338331
ARF5	7_Human;10_Human	2	11	In vitro	Cells	0.00511128364389234
U2AF1	7_Human;10_Human	2	11	In vitro	Cells	0.00511128364389234
PDIA6	7_Human;11_Human	2	11	In vitro	Cells	0.00793353323338331
TUBB	7_Human;10_Human;11_Human	3	11	In vitro	Cells	0.00942162847147855
PRKCSH	7_Human;10_Human	2	11	In vitro	Cells	0.00511128364389234
TUBB4B	7_Human;11_Human	2	11	In vitro	Cells	0.00793353323338331
YWHAZ	7_Human;11_Human	2	11	In vitro	Cells	0.00793353323338331
ETFA	7_Human;8_Human	2	11	In vitro	Cells	0.00533551717292039
YWHAQ	7_Human;11_Human	2	11	In vitro	Cells	0.00793353323338331
EEF1A2	7_Human;10_Human	2	11	In vitro	Cells	0.00511128364389234
RPL23A	7_Human;10_Human;11_Human	3	11	In vitro	Cells	0.00942162847147855
KRT6A	7_Human;10_Human	2	11	In vitro	Cells	0.00511128364389234
KRT6C	7_Human;10_Human	2	11	In vitro	Cells	0.00511128364389234
KRT5	7_Human;10_Human	2	11	In vitro	Cells	0.00511128364389234
SSBP1	7_Human;8_Human;10_Human;11_Human	4	11	In vitro	Cells	0.0111339572386018
PTPN23	8_Human;10_Human	2	11	In vitro	Cells	0.00320042400521853
VDAC1	8_Human;11_Human	2	11	In vitro	Cells	0.00602267359470949
APOC3	8_Human;10_Human	2	11	In vitro	Cells	0.00320042400521853
HPX	8_Human;10_Human	2	11	In vitro	Cells	0.00320042400521853
TPM2	8_Human;11_Human	2	11	In vitro	Cells	0.00602267359470949
G3BP2	8_Human;10_Human	2	11	In vitro	Cells	0.00320042400521853
HNRNPUL2	8_Human;10_Human	2	11	In vitro	Cells	0.00320042400521853
HSD17B12	8_Human;10_Human	2	11	In vitro	Cells	0.00320042400521853
MAP4K4	8_Human;10_Human	2	11	In vitro	Cells	0.00320042400521853
SRGN	8_Human;10_Human	2	11	In vitro	Cells	0.00320042400521853
PTTG1IP	8_Human;11_Human	2	11	In vitro	Cells	0.00602267359470949
ECH1	8_Human;11_Human	2	11	In vitro	Cells	0.00602267359470949
APOH	8_Human;10_Human	2	11	In vitro	Cells	0.00320042400521853
EXOC6B	8_Human;10_Human	2	11	In vitro	Cells	0.00320042400521853
MFAP2	8_Human;10_Human	2	11	In vitro	Cells	0.00320042400521853
ANP32A	8_Human;10_Human	2	11	In vitro	Cells	0.00320042400521853
FAHD1	8_Human;10_Human	2	11	In vitro	Cells	0.00320042400521853
LTF	8_Human;10_Human	2	11	In vitro	Cells	0.00320042400521853
SYNPO2	8_Human;10_Human	2	11	In vitro	Cells	0.00320042400521853
ECHS1	8_Human;11_Human	2	11	In vitro	Cells	0.00602267359470949
VDAC3	8_Human;10_Human	2	11	In vitro	Cells	0.00320042400521853
CPQ	8_Human;10_Human	2	11	In vitro	Cells	0.00320042400521853
PZP	8_Human;10_Human	2	11	In vitro	Cells	0.00320042400521853
COL7A1	8_Human;10_Human	2	11	In vitro	Cells	0.00320042400521853
RAB11FIP5	8_Human;10_Human	2	11	In vitro	Cells	0.00320042400521853
KNG1	8_Human;10_Human	2	11	In vitro	Cells	0.00320042400521853
IGF2	8_Human;10_Human	2	11	In vitro	Cells	0.00320042400521853
APMAP	8_Human;10_Human	2	11	In vitro	Cells	0.00320042400521853
CLEC11A	8_Human;10_Human	2	11	In vitro	Cells	0.00320042400521853
ABCF1	8_Human;10_Human	2	11	In vitro	Cells	0.00320042400521853
PLIN2	8_Human;10_Human	2	11	In vitro	Cells	0.00320042400521853
AFP	8_Human;10_Human	2	11	In vitro	Cells	0.00320042400521853
NMT1	8_Human;10_Human	2	11	In vitro	Cells	0.00320042400521853
MRPS36	8_Human;11_Human	2	11	In vitro	Cells	0.00602267359470949
AP2A2	8_Human;10_Human	2	11	In vitro	Cells	0.00320042400521853
TST	8_Human;10_Human	2	11	In vitro	Cells	0.00320042400521853
AHSG	9_Human;10_Human	2	11	In vitro	Cells	0.0848214285714286
RPS25	10_Human;11_Human	2	11	In vitro	Cells	0.00579844006568144
RPL37	10_Human;11_Human	2	11	In vitro	Cells	0.00579844006568144
CSTF2	10_Human;11_Human	2	11	In vitro	Cells	0.00579844006568144
ZNF326	10_Human;11_Human	2	11	In vitro	Cells	0.00579844006568144
H2BC18	10_Human;11_Human	2	11	In vitro	Cells	0.00579844006568144
EIF4G1	10_Human;11_Human	2	11	In vitro	Cells	0.00579844006568144
TOMM70	10_Human;11_Human	2	11	In vitro	Cells	0.00579844006568144
SRSF2	10_Human;11_Human	2	11	In vitro	Cells	0.00579844006568144
SRSF7	10_Human;11_Human	2	11	In vitro	Cells	0.00579844006568144
SMNDC1	10_Human;11_Human	2	11	In vitro	Cells	0.00579844006568144
TMEM109	10_Human;11_Human	2	11	In vitro	Cells	0.00579844006568144
UBA52	10_Human;11_Human	2	11	In vitro	Cells	0.00579844006568144
BANF1	10_Human;11_Human	2	11	In vitro	Cells	0.00579844006568144
NEU1	10_Human;11_Human	2	11	In vitro	Cells	0.00579844006568144
COX4I1	10_Human;11_Human	2	11	In vitro	Cells	0.00579844006568144
COX5A	10_Human;11_Human	2	11	In vitro	Cells	0.00579844006568144
KRT9	10_Human;11_Human	2	11	In vitro	Cells	0.00579844006568144
ITGA3	10_Human;11_Human	2	11	In vitro	Cells	0.00579844006568144
S100A11	25_Mouse;26_Mouse	2	2	In vitro	ECM	0.0731616736816044
S100A10	25_Mouse;26_Mouse	2	2	In vitro	ECM	0.0731616736816044
ANXA1	25_Mouse;26_Mouse	2	2	In vitro	ECM	0.0731616736816044
LGALS1	25_Mouse;26_Mouse	2	2	In vitro	ECM	0.0731616736816044
HADHA	28_Rat;31_Rabbit	2	4	in vivo	Bone	0.00540072659888328
PGK1	28_Rat;29_Rat	2	4	in vivo	Bone	0.0131020408163265
COL1A1	28_Rat;29_Rat	2	4	in vivo	Bone	0.0131020408163265
APOE	28_Rat;29_Rat	2	4	in vivo	Bone	0.0131020408163265
GSN	28_Rat;29_Rat	2	4	in vivo	Bone	0.0131020408163265
CTSB	28_Rat;31_Rabbit	2	4	in vivo	Bone	0.00540072659888328
C4A	28_Rat;29_Rat	2	4	in vivo	Bone	0.0131020408163265
MARCKS	28_Rat;31_Rabbit	2	4	in vivo	Bone	0.00540072659888328
FBN1	28_Rat;31_Rabbit	2	4	in vivo	Bone	0.00540072659888328
SERPINH1	28_Rat;29_Rat	2	4	in vivo	Bone	0.0131020408163265
HSPA2	28_Rat;31_Rabbit	2	4	in vivo	Bone	0.00540072659888328
TUBA4A	28_Rat;31_Rabbit	2	4	in vivo	Bone	0.00540072659888328
HSPG2	28_Rat;29_Rat	2	4	in vivo	Bone	0.0131020408163265
AKAP12	30_Rat;31_Rabbit	2	4	in vivo	Bone	0.0325567502986858
FLNC	28_Rat;31_Rabbit	2	4	in vivo	Bone	0.00540072659888328
GNG12	29_Rat;31_Rabbit	2	4	in vivo	Bone	0.00829868578255675
ACTA2	28_Rat;29_Rat	2	4	in vivo	Bone	0.0131020408163265
ACTG2	28_Rat;31_Rabbit	2	4	in vivo	Bone	0.00540072659888328
MYL6	28_Rat;29_Rat	2	4	in vivo	Bone	0.0131020408163265
CALD1	29_Rat;31_Rabbit	2	4	in vivo	Bone	0.00829868578255675
NPM1	29_Rat;31_Rabbit	2	4	in vivo	Bone	0.00829868578255675
PGAM1	28_Rat;29_Rat	2	4	in vivo	Bone	0.0131020408163265
MDH2	28_Rat;31_Rabbit	2	4	in vivo	Bone	0.00540072659888328
ATP5PO	28_Rat;31_Rabbit	2	4	in vivo	Bone	0.00540072659888328
RACK1	28_Rat;31_Rabbit	2	4	in vivo	Bone	0.00540072659888328
FABP3	28_Rat;31_Rabbit	2	4	in vivo	Bone	0.00540072659888328
CTSA	28_Rat;31_Rabbit	2	4	in vivo	Bone	0.00540072659888328
S100A4	29_Rat;31_Rabbit	2	4	in vivo	Bone	0.00829868578255675
LMNA	28_Rat;29_Rat;31_Rabbit	3	4	in vivo	Bone	0.0134007265988833
ANXA1	28_Rat;29_Rat;31_Rabbit	3	4	in vivo	Bone	0.0134007265988833
STAT3	29_Rat;31_Rabbit	2	4	in vivo	Bone	0.00829868578255675
YWHAE	28_Rat;31_Rabbit	2	4	in vivo	Bone	0.00540072659888328
PDLIM5	28_Rat;31_Rabbit	2	4	in vivo	Bone	0.00540072659888328
TPM3	28_Rat;29_Rat	2	4	in vivo	Bone	0.0131020408163265
TPM4	28_Rat;31_Rabbit	2	4	in vivo	Bone	0.00540072659888328
POSTN	28_Rat;29_Rat	2	4	in vivo	Bone	0.0131020408163265
ENO1	28_Rat;29_Rat	2	4	in vivo	Bone	0.0131020408163265
CKB	28_Rat;29_Rat	2	4	in vivo	Bone	0.0131020408163265
FBLN2	28_Rat;31_Rabbit	2	4	in vivo	Bone	0.00540072659888328
FABP5	29_Rat;31_Rabbit	2	4	in vivo	Bone	0.00829868578255675
HTRA1	29_Rat;31_Rabbit	2	4	in vivo	Bone	0.00829868578255675
C3	28_Rat;29_Rat	2	4	in vivo	Bone	0.0131020408163265
PPIA	28_Rat;29_Rat	2	4	in vivo	Bone	0.0131020408163265
TUBA1C	28_Rat;29_Rat;31_Rabbit	3	4	in vivo	Bone	0.0134007265988833
PGAM4	28_Rat;29_Rat	2	4	in vivo	Bone	0.0131020408163265
TUBB	28_Rat;30_Rat	2	4	in vivo	Bone	0.0373601053324556
APOA2	29_Rat;31_Rabbit	2	4	in vivo	Bone	0.00829868578255675
HPR	28_Rat;29_Rat	2	4	in vivo	Bone	0.0131020408163265
HP	28_Rat;29_Rat	2	4	in vivo	Bone	0.0131020408163265
TTR	28_Rat;29_Rat	2	4	in vivo	Bone	0.0131020408163265
CSRP1	28_Rat;31_Rabbit	2	4	in vivo	Bone	0.00540072659888328
ACAA2	28_Rat;31_Rabbit	2	4	in vivo	Bone	0.00540072659888328
KNG1	28_Rat;29_Rat	2	4	in vivo	Bone	0.0131020408163265
AHSG	28_Rat;29_Rat	2	4	in vivo	Bone	0.0131020408163265
PHLDB1	29_Rat;31_Rabbit	2	4	in vivo	Bone	0.00829868578255675
APOA4	28_Rat;29_Rat	2	4	in vivo	Bone	0.0131020408163265
COX4I1	28_Rat;31_Rabbit	2	4	in vivo	Bone	0.00540072659888328
SERPINC1	28_Rat;29_Rat	2	4	in vivo	Bone	0.0131020408163265
FMOD	28_Rat;31_Rabbit	2	4	in vivo	Bone	0.00540072659888328
ITIH1	29_Rat;31_Rabbit	2	4	in vivo	Bone	0.00829868578255675
ITIH3	29_Rat;31_Rabbit	2	4	in vivo	Bone	0.00829868578255675
GC	28_Rat;29_Rat	2	4	in vivo	Bone	0.0131020408163265
SPP1	29_Rat;31_Rabbit	2	4	in vivo	Bone	0.00829868578255675
PLG	28_Rat;29_Rat	2	4	in vivo	Bone	0.0131020408163265
THBS4	28_Rat;31_Rabbit	2	4	in vivo	Bone	0.00540072659888328
SCPEP1	28_Rat;31_Rabbit	2	4	in vivo	Bone	0.00540072659888328
FN1	28_Rat;29_Rat	2	4	in vivo	Bone	0.0131020408163265
ALDH2	28_Rat;29_Rat	2	4	in vivo	Bone	0.0131020408163265
COL14A1	28_Rat;31_Rabbit	2	4	in vivo	Bone	0.00540072659888328
APOA1	28_Rat;29_Rat;31_Rabbit	3	4	in vivo	Bone	0.0134007265988833
FGB	28_Rat;29_Rat	2	4	in vivo	Bone	0.0131020408163265
S100A9	28_Rat;29_Rat	2	4	in vivo	Bone	0.0131020408163265
GOT1	28_Rat;31_Rabbit	2	4	in vivo	Bone	0.00540072659888328
MDH1	28_Rat;31_Rabbit	2	4	in vivo	Bone	0.00540072659888328
FGG	28_Rat;29_Rat	2	4	in vivo	Bone	0.0131020408163265
SERPINA1	28_Rat;31_Rabbit	2	4	in vivo	Bone	0.00540072659888328
ENO3	28_Rat;31_Rabbit	2	4	in vivo	Bone	0.00540072659888328
PRDX1	28_Rat;29_Rat	2	4	in vivo	Bone	0.0131020408163265
PRDX2	28_Rat;29_Rat	2	4	in vivo	Bone	0.0131020408163265
ACTR3	28_Rat;31_Rabbit	2	4	in vivo	Bone	0.00540072659888328
BIN2	29_Rat;31_Rabbit	2	4	in vivo	Bone	0.00829868578255675
ARHGDIA	28_Rat;29_Rat	2	4	in vivo	Bone	0.0131020408163265
RC3H2	29_Rat;31_Rabbit	2	4	in vivo	Bone	0.00829868578255675
CTSS	28_Rat;31_Rabbit	2	4	in vivo	Bone	0.00540072659888328
HMGN5	30_Rat;31_Rabbit	2	4	in vivo	Bone	0.0325567502986858
ADIPOQ	28_Rat;31_Rabbit	2	4	in vivo	Bone	0.00540072659888328
SOD1	28_Rat;29_Rat;31_Rabbit	3	4	in vivo	Bone	0.0134007265988833
MB	28_Rat;31_Rabbit	2	4	in vivo	Bone	0.00540072659888328
COL15A1	28_Rat;31_Rabbit	2	4	in vivo	Bone	0.00540072659888328
PPIAL4D	28_Rat;29_Rat	2	4	in vivo	Bone	0.0131020408163265
PPIAL4E	28_Rat;29_Rat	2	4	in vivo	Bone	0.0131020408163265
PPIAL4F	28_Rat;29_Rat	2	4	in vivo	Bone	0.0131020408163265
PPIAL4H	28_Rat;29_Rat	2	4	in vivo	Bone	0.0131020408163265
PPIAL4G	28_Rat;29_Rat	2	4	in vivo	Bone	0.0131020408163265
PPIAL4A	28_Rat;29_Rat	2	4	in vivo	Bone	0.0131020408163265
PPIAL4C	28_Rat;29_Rat	2	4	in vivo	Bone	0.0131020408163265
PGAM2	28_Rat;31_Rabbit	2	4	in vivo	Bone	0.00540072659888328
LGALS14	28_Rat;29_Rat	2	4	in vivo	Bone	0.0131020408163265
LGALS13	28_Rat;29_Rat	2	4	in vivo	Bone	0.0131020408163265
LGALS16	28_Rat;29_Rat	2	4	in vivo	Bone	0.0131020408163265
PPP1CA	28_Rat;31_Rabbit	2	4	in vivo	Bone	0.00540072659888328
PLGLB1	28_Rat;29_Rat	2	4	in vivo	Bone	0.0131020408163265
PLGLB2	28_Rat;29_Rat	2	4	in vivo	Bone	0.0131020408163265
UQCRC1	28_Rat;31_Rabbit	2	4	in vivo	Bone	0.00540072659888328
C4B	28_Rat;29_Rat	2	4	in vivo	Bone	0.0131020408163265
RIPOR2	28_Rat;31_Rabbit	2	4	in vivo	Bone	0.00540072659888328
GDA	28_Rat;29_Rat	2	4	in vivo	Bone	0.0131020408163265
CCNDBP1	29_Rat;30_Rat	2	4	in vivo	Bone	0.040258064516129
NRP2	29_Rat;31_Rabbit	2	4	in vivo	Bone	0.00829868578255675
DENND2B	29_Rat;31_Rabbit	2	4	in vivo	Bone	0.00829868578255675
EVI5L	29_Rat;31_Rabbit	2	4	in vivo	Bone	0.00829868578255675
SNTB2	30_Rat;31_Rabbit	2	4	in vivo	Bone	0.0325567502986858
TTK	30_Rat;31_Rabbit	2	4	in vivo	Bone	0.0325567502986858
HCLS1	30_Rat;31_Rabbit	2	4	in vivo	Bone	0.0325567502986858
NASP	30_Rat;31_Rabbit	2	4	in vivo	Bone	0.0325567502986858
MYH7	30_Rat;31_Rabbit	2	4	in vivo	Bone	0.0325567502986858
U2SURP	30_Rat;31_Rabbit	2	4	in vivo	Bone	0.0325567502986858
IGFBP3	23_Human;27_Rat	2	6	in vivo	Liquid-Biopsy	0.00271631783999275
ITIH4	21_Human;24_Human	2	6	in vivo	Liquid-Biopsy	0.04001404001404
FLNA	23_Human;24_Human	2	6	in vivo	Liquid-Biopsy	0.0285654885654886
CD59	23_Human;27_Rat	2	6	in vivo	Liquid-Biopsy	0.00271631783999275
F2	23_Human;27_Rat	2	6	in vivo	Liquid-Biopsy	0.00271631783999275
VTN	23_Human;27_Rat	2	6	in vivo	Liquid-Biopsy	0.00271631783999275
ALPL	23_Human;27_Rat	2	6	in vivo	Liquid-Biopsy	0.00271631783999275
ICAM1	23_Human;27_Rat	2	6	in vivo	Liquid-Biopsy	0.00271631783999275
ANXA2	23_Human;27_Rat	2	6	in vivo	Liquid-Biopsy	0.00271631783999275
PPIB	23_Human;27_Rat	2	6	in vivo	Liquid-Biopsy	0.00271631783999275
SNCA	23_Human;27_Rat	2	6	in vivo	Liquid-Biopsy	0.00271631783999275
B2M	20_Human;21_Human	2	6	in vivo	Liquid-Biopsy	0.062987012987013
HBA2	23_Human;27_Rat	2	6	in vivo	Liquid-Biopsy	0.00271631783999275
HBA1	23_Human;27_Rat	2	6	in vivo	Liquid-Biopsy	0.00271631783999275
CD47	23_Human;27_Rat	2	6	in vivo	Liquid-Biopsy	0.00271631783999275
SPP2	21_Human;23_Human	2	6	in vivo	Liquid-Biopsy	0.0145254745254745
TAGLN2	24_Human;27_Rat	2	6	in vivo	Liquid-Biopsy	0.0282048833285582
FTL	23_Human;27_Rat	2	6	in vivo	Liquid-Biopsy	0.00271631783999275
PKM	24_Human;27_Rat	2	6	in vivo	Liquid-Biopsy	0.0282048833285582
PGAM1	23_Human;27_Rat	2	6	in vivo	Liquid-Biopsy	0.00271631783999275
RPS3	23_Human;27_Rat	2	6	in vivo	Liquid-Biopsy	0.00271631783999275
PA2G4	23_Human;27_Rat	2	6	in vivo	Liquid-Biopsy	0.00271631783999275
SPTAN1	23_Human;27_Rat	2	6	in vivo	Liquid-Biopsy	0.00271631783999275
TOP1	23_Human;27_Rat	2	6	in vivo	Liquid-Biopsy	0.00271631783999275
CTSC	23_Human;27_Rat	2	6	in vivo	Liquid-Biopsy	0.00271631783999275
YWHAE	24_Human;27_Rat	2	6	in vivo	Liquid-Biopsy	0.0282048833285582
BASP1	21_Human;23_Human	2	6	in vivo	Liquid-Biopsy	0.0145254745254745
TPM4	21_Human;23_Human;27_Rat	3	6	in vivo	Liquid-Biopsy	0.0157033308270057
GPNMB	23_Human;27_Rat	2	6	in vivo	Liquid-Biopsy	0.00271631783999275
POSTN	23_Human;27_Rat	2	6	in vivo	Liquid-Biopsy	0.00271631783999275
DCN	23_Human;27_Rat	2	6	in vivo	Liquid-Biopsy	0.00271631783999275
LIMS1	23_Human;24_Human	2	6	in vivo	Liquid-Biopsy	0.0285654885654886
H4C14	23_Human;24_Human	2	6	in vivo	Liquid-Biopsy	0.0285654885654886
H4C16	23_Human;24_Human	2	6	in vivo	Liquid-Biopsy	0.0285654885654886
H4C1	23_Human;24_Human	2	6	in vivo	Liquid-Biopsy	0.0285654885654886
H4C15	23_Human;24_Human	2	6	in vivo	Liquid-Biopsy	0.0285654885654886
H4C2	23_Human;24_Human	2	6	in vivo	Liquid-Biopsy	0.0285654885654886
H4C13	23_Human;24_Human	2	6	in vivo	Liquid-Biopsy	0.0285654885654886
H4C9	23_Human;24_Human	2	6	in vivo	Liquid-Biopsy	0.0285654885654886
H4C6	23_Human;24_Human	2	6	in vivo	Liquid-Biopsy	0.0285654885654886
H4C4	23_Human;24_Human	2	6	in vivo	Liquid-Biopsy	0.0285654885654886
H4C12	23_Human;24_Human	2	6	in vivo	Liquid-Biopsy	0.0285654885654886
H4C3	23_Human;24_Human	2	6	in vivo	Liquid-Biopsy	0.0285654885654886
H4C11	23_Human;24_Human	2	6	in vivo	Liquid-Biopsy	0.0285654885654886
H4C5	23_Human;24_Human	2	6	in vivo	Liquid-Biopsy	0.0285654885654886
H4C8	23_Human;24_Human	2	6	in vivo	Liquid-Biopsy	0.0285654885654886
SET	23_Human;27_Rat	2	6	in vivo	Liquid-Biopsy	0.00271631783999275
FABP5	23_Human;27_Rat	2	6	in vivo	Liquid-Biopsy	0.00271631783999275
LGALS3BP	20_Human;23_Human	2	6	in vivo	Liquid-Biopsy	0.0515384615384615
COTL1	23_Human;27_Rat	2	6	in vivo	Liquid-Biopsy	0.00271631783999275
NSFL1C	23_Human;27_Rat	2	6	in vivo	Liquid-Biopsy	0.00271631783999275
C3	22_Human;27_Rat	2	6	in vivo	Liquid-Biopsy	0.126177856301531
HMGB1	23_Human;27_Rat	2	6	in vivo	Liquid-Biopsy	0.00271631783999275
CALR	23_Human;27_Rat	2	6	in vivo	Liquid-Biopsy	0.00271631783999275
A2M	20_Human;21_Human	2	6	in vivo	Liquid-Biopsy	0.062987012987013
PFN1	23_Human;24_Human	2	6	in vivo	Liquid-Biopsy	0.0285654885654886
EIF5A	23_Human;27_Rat	2	6	in vivo	Liquid-Biopsy	0.00271631783999275
ALB	23_Human;27_Rat	2	6	in vivo	Liquid-Biopsy	0.00271631783999275
ESD	21_Human;23_Human;27_Rat	3	6	in vivo	Liquid-Biopsy	0.0157033308270057
SFN	23_Human;27_Rat	2	6	in vivo	Liquid-Biopsy	0.00271631783999275
YWHAZ	24_Human;27_Rat	2	6	in vivo	Liquid-Biopsy	0.0282048833285582
HP	22_Human;27_Rat	2	6	in vivo	Liquid-Biopsy	0.126177856301531
KNG1	22_Human;27_Rat	2	6	in vivo	Liquid-Biopsy	0.126177856301531
COL18A1	23_Human;27_Rat	2	6	in vivo	Liquid-Biopsy	0.00271631783999275
CLU	21_Human;27_Rat	2	6	in vivo	Liquid-Biopsy	0.0141648692885442
PTPN1	23_Human;27_Rat	2	6	in vivo	Liquid-Biopsy	0.00271631783999275
AHSG	22_Human;23_Human;27_Rat	3	6	in vivo	Liquid-Biopsy	0.127716317839993
SYNCRIP	23_Human;27_Rat	2	6	in vivo	Liquid-Biopsy	0.00271631783999275
CDC37	23_Human;27_Rat	2	6	in vivo	Liquid-Biopsy	0.00271631783999275
GLIPR2	21_Human;23_Human	2	6	in vivo	Liquid-Biopsy	0.0145254745254745
SERPINF2	24_Human;27_Rat	2	6	in vivo	Liquid-Biopsy	0.0282048833285582
SERPINC1	22_Human;27_Rat	2	6	in vivo	Liquid-Biopsy	0.126177856301531
CHGA	23_Human;27_Rat	2	6	in vivo	Liquid-Biopsy	0.00271631783999275
F9	23_Human;27_Rat	2	6	in vivo	Liquid-Biopsy	0.00271631783999275
F10	23_Human;27_Rat	2	6	in vivo	Liquid-Biopsy	0.00271631783999275
C7	20_Human;27_Rat	2	6	in vivo	Liquid-Biopsy	0.0511778563015312
C9	20_Human;21_Human	2	6	in vivo	Liquid-Biopsy	0.062987012987013
HBB	23_Human;27_Rat	2	6	in vivo	Liquid-Biopsy	0.00271631783999275
IGF1	23_Human;27_Rat	2	6	in vivo	Liquid-Biopsy	0.00271631783999275
IGFBP1	23_Human;27_Rat	2	6	in vivo	Liquid-Biopsy	0.00271631783999275
SPARCL1	23_Human;27_Rat	2	6	in vivo	Liquid-Biopsy	0.00271631783999275
SERPINF1	21_Human;27_Rat	2	6	in vivo	Liquid-Biopsy	0.0141648692885442
LRP1	23_Human;27_Rat	2	6	in vivo	Liquid-Biopsy	0.00271631783999275
TPI1	23_Human;27_Rat	2	6	in vivo	Liquid-Biopsy	0.00271631783999275
ITGB3	23_Human;27_Rat	2	6	in vivo	Liquid-Biopsy	0.00271631783999275
IGFBP4	23_Human;27_Rat	2	6	in vivo	Liquid-Biopsy	0.00271631783999275
SSC5D	21_Human;23_Human	2	6	in vivo	Liquid-Biopsy	0.0145254745254745
FN1	23_Human;27_Rat	2	6	in vivo	Liquid-Biopsy	0.00271631783999275
BGN	23_Human;27_Rat	2	6	in vivo	Liquid-Biopsy	0.00271631783999275
APOA1	22_Human;27_Rat	2	6	in vivo	Liquid-Biopsy	0.126177856301531
FGA	23_Human;27_Rat	2	6	in vivo	Liquid-Biopsy	0.00271631783999275
FGB	23_Human;27_Rat	2	6	in vivo	Liquid-Biopsy	0.00271631783999275
IGFBP6	21_Human;27_Rat	2	6	in vivo	Liquid-Biopsy	0.0141648692885442
C1S	21_Human;27_Rat	2	6	in vivo	Liquid-Biopsy	0.0141648692885442
IDE	23_Human;27_Rat	2	6	in vivo	Liquid-Biopsy	0.00271631783999275
FGG	23_Human;27_Rat	2	6	in vivo	Liquid-Biopsy	0.00271631783999275
SERPINA1	22_Human;23_Human;24_Human	3	6	in vivo	Liquid-Biopsy	0.153565488565489
ANGPT1	23_Human;27_Rat	2	6	in vivo	Liquid-Biopsy	0.00271631783999275
PROS1	23_Human;27_Rat	2	6	in vivo	Liquid-Biopsy	0.00271631783999275
ECM1	23_Human;27_Rat	2	6	in vivo	Liquid-Biopsy	0.00271631783999275
LGALS7B	23_Human;27_Rat	2	6	in vivo	Liquid-Biopsy	0.00271631783999275
LGALS7	23_Human;27_Rat	2	6	in vivo	Liquid-Biopsy	0.00271631783999275
PRDX1	23_Human;27_Rat	2	6	in vivo	Liquid-Biopsy	0.00271631783999275
ITGB1	23_Human;27_Rat	2	6	in vivo	Liquid-Biopsy	0.00271631783999275
DSG1	23_Human;27_Rat	2	6	in vivo	Liquid-Biopsy	0.00271631783999275
CFD	20_Human;27_Rat	2	6	in vivo	Liquid-Biopsy	0.0511778563015312
CHL1	20_Human;23_Human	2	6	in vivo	Liquid-Biopsy	0.0515384615384615
FCGBP	20_Human;23_Human	2	6	in vivo	Liquid-Biopsy	0.0515384615384615
IGHG3	20_Human;23_Human	2	6	in vivo	Liquid-Biopsy	0.0515384615384615
IGHM	20_Human;21_Human;23_Human	3	6	in vivo	Liquid-Biopsy	0.0645254745254745
IL1RAP	20_Human;27_Rat	2	6	in vivo	Liquid-Biopsy	0.0511778563015312
PSMA2	21_Human;23_Human	2	6	in vivo	Liquid-Biopsy	0.0145254745254745
LMAN2	21_Human;27_Rat	2	6	in vivo	Liquid-Biopsy	0.0141648692885442
NBL1	21_Human;27_Rat	2	6	in vivo	Liquid-Biopsy	0.0141648692885442
LYZ	21_Human;27_Rat	2	6	in vivo	Liquid-Biopsy	0.0141648692885442
PF4	21_Human;23_Human;27_Rat	3	6	in vivo	Liquid-Biopsy	0.0157033308270057
PF4V1	21_Human;23_Human	2	6	in vivo	Liquid-Biopsy	0.0145254745254745
FGL1	21_Human;23_Human	2	6	in vivo	Liquid-Biopsy	0.0145254745254745
DPT	21_Human;27_Rat	2	6	in vivo	Liquid-Biopsy	0.0141648692885442
APOL1	21_Human;27_Rat	2	6	in vivo	Liquid-Biopsy	0.0141648692885442
CD5L	21_Human;27_Rat	2	6	in vivo	Liquid-Biopsy	0.0141648692885442
CD177	23_Human;27_Rat	2	6	in vivo	Liquid-Biopsy	0.00271631783999275
IGHD	23_Human;27_Rat	2	6	in vivo	Liquid-Biopsy	0.00271631783999275
FGFR1	23_Human;27_Rat	2	6	in vivo	Liquid-Biopsy	0.00271631783999275
ECE1	23_Human;27_Rat	2	6	in vivo	Liquid-Biopsy	0.00271631783999275
PROC	23_Human;27_Rat	2	6	in vivo	Liquid-Biopsy	0.00271631783999275
CD63	23_Human;27_Rat	2	6	in vivo	Liquid-Biopsy	0.00271631783999275
PDGFA	23_Human;27_Rat	2	6	in vivo	Liquid-Biopsy	0.00271631783999275
ICAM2	23_Human;27_Rat	2	6	in vivo	Liquid-Biopsy	0.00271631783999275
YES1	23_Human;27_Rat	2	6	in vivo	Liquid-Biopsy	0.00271631783999275
FCN1	23_Human;27_Rat	2	6	in vivo	Liquid-Biopsy	0.00271631783999275
GRAP2	23_Human;27_Rat	2	6	in vivo	Liquid-Biopsy	0.00271631783999275
ANG	23_Human;27_Rat	2	6	in vivo	Liquid-Biopsy	0.00271631783999275
VWF	23_Human;24_Human;27_Rat	3	6	in vivo	Liquid-Biopsy	0.0297433448670198
ARG1	23_Human;27_Rat	2	6	in vivo	Liquid-Biopsy	0.00271631783999275
SOD3	23_Human;27_Rat	2	6	in vivo	Liquid-Biopsy	0.00271631783999275
ITGA2B	23_Human;27_Rat	2	6	in vivo	Liquid-Biopsy	0.00271631783999275
TFPI	23_Human;27_Rat	2	6	in vivo	Liquid-Biopsy	0.00271631783999275
PECAM1	23_Human;27_Rat	2	6	in vivo	Liquid-Biopsy	0.00271631783999275
MRC1	23_Human;27_Rat	2	6	in vivo	Liquid-Biopsy	0.00271631783999275
ICAM3	23_Human;27_Rat	2	6	in vivo	Liquid-Biopsy	0.00271631783999275
CASP3	23_Human;27_Rat	2	6	in vivo	Liquid-Biopsy	0.00271631783999275
NOTCH1	23_Human;27_Rat	2	6	in vivo	Liquid-Biopsy	0.00271631783999275
MMP16	23_Human;27_Rat	2	6	in vivo	Liquid-Biopsy	0.00271631783999275
ITGA1	23_Human;27_Rat	2	6	in vivo	Liquid-Biopsy	0.00271631783999275
JAM2	23_Human;27_Rat	2	6	in vivo	Liquid-Biopsy	0.00271631783999275
GRB2	23_Human;27_Rat	2	6	in vivo	Liquid-Biopsy	0.00271631783999275
HDGFL2	23_Human;27_Rat	2	6	in vivo	Liquid-Biopsy	0.00271631783999275
FERMT3	23_Human;24_Human	2	6	in vivo	Liquid-Biopsy	0.0285654885654886
CNDP1	23_Human;27_Rat	2	6	in vivo	Liquid-Biopsy	0.00271631783999275
JAM3	23_Human;27_Rat	2	6	in vivo	Liquid-Biopsy	0.00271631783999275
VSIR	23_Human;27_Rat	2	6	in vivo	Liquid-Biopsy	0.00271631783999275
NAGK	23_Human;27_Rat	2	6	in vivo	Liquid-Biopsy	0.00271631783999275
